id,country.id,country.name
5ec4f8c1f0611d7ddd741189.jpg,at,Austria
5ec4f8c1f0611d7ddd741189.jpg,at,Austria
5ec4f8d2f0611d7ddd741218.jpg,at,Austria
5f04acf02eff981028e862b8.jpg,at,Austria
5f04acf02eff988c6ce862b9.jpg,at,Austria
5fb448634fe4b31d5752e8bc.jpg,at,Austria
5fd021316c02ac0b987a47cb.jpg,at,Austria
5fd021496c02ac0b987a4875.jpg,at,Austria
5fd022ed7c803b0c784a05ba.jpg,at,Austria
5d4be791cf0b3a0f3f345ae0.jpg,bd,Bangladesh
5d4be793cf0b3a0f3f345b26.jpg,bd,Bangladesh
5d4be799cf0b3a0f3f345bd8.jpg,bd,Bangladesh
5d4be79acf0b3a0f3f345be2.jpg,bd,Bangladesh
5d4be79acf0b3a0f3f345bf0.jpg,bd,Bangladesh
5d4be79fcf0b3a0f3f345c86.jpg,bd,Bangladesh
5d4be7a2cf0b3a0f3f345cc8.jpg,bd,Bangladesh
5d4be7a4cf0b3a0f3f345d0a.jpg,bd,Bangladesh
5d4be7a4cf0b3a0f3f345d10.jpg,bd,Bangladesh
5d4be7a7cf0b3a0f3f345d62.jpg,bd,Bangladesh
5d4be7a7cf0b3a0f3f345d6a.jpg,bd,Bangladesh
5d4be7afcf0b3a0f3f345e52.jpg,bd,Bangladesh
5d4be7b1cf0b3a0f3f345e80.jpg,bd,Bangladesh
5d4be7b4cf0b3a0f3f345ef2.jpg,bd,Bangladesh
5d4be7b7cf0b3a0f3f345f3a.jpg,bd,Bangladesh
5d4be7bacf0b3a0f3f345f9e.jpg,bd,Bangladesh
5d4be7bacf0b3a0f3f345fa0.jpg,bd,Bangladesh
5d4bec76cf0b3a0f3f34df98.jpg,bd,Bangladesh
5d4bec7acf0b3a0f3f34dfd0.jpg,bd,Bangladesh
5d4bec7ccf0b3a0f3f34e00a.jpg,bd,Bangladesh
5d4bec81cf0b3a0f3f34e09c.jpg,bd,Bangladesh
5fd0230d7c803b0c784a06a5.jpg,bd,Bangladesh
5fd0234a04167a0cab36a353.jpg,bd,Bangladesh
5fd0234c04167a0cab36a35b.jpg,bd,Bangladesh
5fd0235704167a0cab36a3b2.jpg,bd,Bangladesh
5fd0238d04167a0cab36a518.jpg,bd,Bangladesh
5fd023a204167a0cab36a5c7.jpg,bd,Bangladesh
5fd023ae04167a0cab36a613.jpg,bd,Bangladesh
5fd023c204167a0cab36a6bc.jpg,bd,Bangladesh
5fd023de04167a0cab36a785.jpg,bd,Bangladesh
5d4bec5ccf0b3a0f3f34dd00.jpg,bo,Bolivia
5d4bec5ccf0b3a0f3f34dd06.jpg,bo,Bolivia
5d4bf2f1cf0b3a0f3f359336.jpg,bo,Bolivia
5d4bf2f3cf0b3a0f3f35936a.jpg,bo,Bolivia
5d4bf2f4cf0b3a0f3f359384.jpg,bo,Bolivia
5d4bf3e7cf0b3a0f3f35abda.jpg,bo,Bolivia
5d4bf3e8cf0b3a0f3f35abfc.jpg,bo,Bolivia
5d4bf3e9cf0b3a0f3f35ac0c.jpg,bo,Bolivia
5fd0244604167a0cab36a9c0.jpg,bo,Bolivia
5fd0245404167a0cab36aa45.jpg,bo,Bolivia
5fd0246204167a0cab36aa9f.jpg,bo,Bolivia
5fd0246404167a0cab36aaac.jpg,bo,Bolivia
5fd0247104167a0cab36ab03.jpg,bo,Bolivia
60b4213e6dde59064fc623f2.jpg,bo,Bolivia
5d4be00ccf0b3a0f3f3389d6.jpg,br,Brazil
5d4be09bcf0b3a0f3f339893.jpg,br,Brazil
5d4be09bcf0b3a0f3f339895.jpg,br,Brazil
5d4be14bcf0b3a0f3f33acfd.jpg,br,Brazil
5d4be151cf0b3a0f3f33adc3.jpg,br,Brazil
5d4be15bcf0b3a0f3f33aedf.jpg,br,Brazil
5d4be160cf0b3a0f3f33af6d.jpg,br,Brazil
5d4be163cf0b3a0f3f33afc5.jpg,br,Brazil
5d4be164cf0b3a0f3f33afef.jpg,br,Brazil
5d4be174cf0b3a0f3f33b1d5.jpg,br,Brazil
5d4be175cf0b3a0f3f33b1eb.jpg,br,Brazil
5d4be176cf0b3a0f3f33b213.jpg,br,Brazil
5d4be177cf0b3a0f3f33b21f.jpg,br,Brazil
5d4be191cf0b3a0f3f33b425.jpg,br,Brazil
5d4be191cf0b3a0f3f33b429.jpg,br,Brazil
5d4be191cf0b3a0f3f33b42d.jpg,br,Brazil
5d4be19bcf0b3a0f3f33b543.jpg,br,Brazil
5d4be19ccf0b3a0f3f33b571.jpg,br,Brazil
5d4be19fcf0b3a0f3f33b5bf.jpg,br,Brazil
5d4be1a0cf0b3a0f3f33b5d3.jpg,br,Brazil
5d4be1a1cf0b3a0f3f33b5f3.jpg,br,Brazil
5d4be1a4cf0b3a0f3f33b65d.jpg,br,Brazil
5d4be1a5cf0b3a0f3f33b66f.jpg,br,Brazil
5d4be1a5cf0b3a0f3f33b673.jpg,br,Brazil
5d4be1a7cf0b3a0f3f33b6a5.jpg,br,Brazil
5d4be1a8cf0b3a0f3f33b6cf.jpg,br,Brazil
5d4be1b2cf0b3a0f3f33b7ff.jpg,br,Brazil
5d4be1bbcf0b3a0f3f33b8c3.jpg,br,Brazil
5d4be1bccf0b3a0f3f33b8e1.jpg,br,Brazil
5d4be208cf0b3a0f3f33c03d.jpg,br,Brazil
5d4be3bfcf0b3a0f3f33eda7.jpg,br,Brazil
5d4be3c1cf0b3a0f3f33edd7.jpg,br,Brazil
5d4be3c4cf0b3a0f3f33ee3b.jpg,br,Brazil
5ec4fa79f0611d7ddd741ff9.jpg,br,Brazil
5ec4fa7bf0611d7ddd742006.jpg,br,Brazil
5ec4fa87f0611d7ddd74206e.jpg,br,Brazil
5ec4fa89f0611d7ddd74207f.jpg,br,Brazil
5ec4fa89f0611d7ddd742086.jpg,br,Brazil
5fd0250b04167a0cab36af57.jpg,br,Brazil
5fd0266c1f89a90d2a768b95.jpg,br,Brazil
5fd026c31f89a90d2a768d4b.jpg,br,Brazil
5fd026c41f89a90d2a768d4d.jpg,br,Brazil
5fd027061f89a90d2a768eba.jpg,br,Brazil
5fd027141f89a90d2a768f0f.jpg,br,Brazil
5fd027d01f89a90d2a769338.jpg,br,Brazil
5fd2280d955d2f758665b97d.jpg,br,Brazil
5d4bf35ccf0b3a0f3f359e5a.jpg,bf,Burkina Faso
5d4bf35fcf0b3a0f3f359e92.jpg,bf,Burkina Faso
5d4bf360cf0b3a0f3f359e9a.jpg,bf,Burkina Faso
5d4bf373cf0b3a0f3f35a0b8.jpg,bf,Burkina Faso
5d4bf373cf0b3a0f3f35a0be.jpg,bf,Burkina Faso
5d4bf38ecf0b3a0f3f35a3cc.jpg,bf,Burkina Faso
5d4bf38ecf0b3a0f3f35a3d8.jpg,bf,Burkina Faso
5d4bf391cf0b3a0f3f35a418.jpg,bf,Burkina Faso
5d4bf395cf0b3a0f3f35a43a.jpg,bf,Burkina Faso
5d4bf395cf0b3a0f3f35a44e.jpg,bf,Burkina Faso
5d4bf3abcf0b3a0f3f35a6b6.jpg,bf,Burkina Faso
5d4bf3abcf0b3a0f3f35a6c0.jpg,bf,Burkina Faso
5d4bf3cacf0b3a0f3f35a96a.jpg,bf,Burkina Faso
5d4bf3cdcf0b3a0f3f35a97c.jpg,bf,Burkina Faso
5d4bf3e6cf0b3a0f3f35abb0.jpg,bf,Burkina Faso
5d4bf459cf0b3a0f3f35b7f0.jpg,bf,Burkina Faso
5d4bf45bcf0b3a0f3f35b81a.jpg,bf,Burkina Faso
5d4bf45dcf0b3a0f3f35b846.jpg,bf,Burkina Faso
5d4bf461cf0b3a0f3f35b8ac.jpg,bf,Burkina Faso
5fd027e81f89a90d2a7693fa.jpg,bf,Burkina Faso
5fd027f01f89a90d2a76942c.jpg,bf,Burkina Faso
5fd027f21f89a90d2a769439.jpg,bf,Burkina Faso
5fd027fb1f89a90d2a76946b.jpg,bf,Burkina Faso
5fd027fc1f89a90d2a769474.jpg,bf,Burkina Faso
5fd027ff1f89a90d2a769491.jpg,bf,Burkina Faso
5fd028241f89a90d2a769597.jpg,bf,Burkina Faso
5fd028251f89a90d2a7695a7.jpg,bf,Burkina Faso
5fd0285a1f89a90d2a76969c.jpg,bf,Burkina Faso
5fd0285c1f89a90d2a7696a3.jpg,bf,Burkina Faso
5fd0285d1f89a90d2a7696b1.jpg,bf,Burkina Faso
5fd028811f89a90d2a769762.jpg,bf,Burkina Faso
5fd028821f89a90d2a76976c.jpg,bf,Burkina Faso
5fd028881f89a90d2a769797.jpg,bf,Burkina Faso
5d4bf322cf0b3a0f3f3598b2.jpg,bi,Burundi
5d4bf323cf0b3a0f3f3598c4.jpg,bi,Burundi
5d4bf323cf0b3a0f3f3598ce.jpg,bi,Burundi
5d4bf330cf0b3a0f3f359a22.jpg,bi,Burundi
5d4bf33ccf0b3a0f3f359b88.jpg,bi,Burundi
5d4bf33ccf0b3a0f3f359b98.jpg,bi,Burundi
5d4bf341cf0b3a0f3f359c18.jpg,bi,Burundi
5d4bf342cf0b3a0f3f359c24.jpg,bi,Burundi
5fd028c61f89a90d2a769968.jpg,bi,Burundi
5fd028ca1f89a90d2a76998a.jpg,bi,Burundi
5fd028cb1f89a90d2a769998.jpg,bi,Burundi
5fd028cd1f89a90d2a7699ad.jpg,bi,Burundi
5fd028ce1f89a90d2a7699bb.jpg,bi,Burundi
5fd029061f89a90d2a769b51.jpg,bi,Burundi
5fd0292b1f89a90d2a769bfd.jpg,bi,Burundi
5fd029331f89a90d2a769c2b.jpg,bi,Burundi
5fd029351f89a90d2a769c39.jpg,bi,Burundi
5fd029471f89a90d2a769cba.jpg,bi,Burundi
5fd0294e1f89a90d2a769ce1.jpg,bi,Burundi
5d4bf2becf0b3a0f3f358d18.jpg,kh,Cambodia
5d4bf2becf0b3a0f3f358d24.jpg,kh,Cambodia
5d4bf2c1cf0b3a0f3f358d86.jpg,kh,Cambodia
5d4bf2c3cf0b3a0f3f358daa.jpg,kh,Cambodia
5d4bf2c4cf0b3a0f3f358dda.jpg,kh,Cambodia
5d4bf2c7cf0b3a0f3f358e32.jpg,kh,Cambodia
5d4bf2c8cf0b3a0f3f358e60.jpg,kh,Cambodia
5d4bf2cacf0b3a0f3f358e82.jpg,kh,Cambodia
5d4bf2cacf0b3a0f3f358e8e.jpg,kh,Cambodia
5d4bf2cfcf0b3a0f3f358f16.jpg,kh,Cambodia
5d4bf2d0cf0b3a0f3f358f38.jpg,kh,Cambodia
5d4bf2d1cf0b3a0f3f358f62.jpg,kh,Cambodia
5d4bf2d3cf0b3a0f3f358fa8.jpg,kh,Cambodia
5d4bf2d5cf0b3a0f3f358fd2.jpg,kh,Cambodia
5d4bf2d6cf0b3a0f3f358ffa.jpg,kh,Cambodia
5d4bf2d7cf0b3a0f3f359008.jpg,kh,Cambodia
5d4bf2d8cf0b3a0f3f35902a.jpg,kh,Cambodia
5d4bf2dccf0b3a0f3f3590ac.jpg,kh,Cambodia
5d4bf2decf0b3a0f3f3590fe.jpg,kh,Cambodia
5d4bf2e2cf0b3a0f3f35915c.jpg,kh,Cambodia
5d4bf2e2cf0b3a0f3f359172.jpg,kh,Cambodia
5d4bf2e3cf0b3a0f3f35918a.jpg,kh,Cambodia
5d4bf2e4cf0b3a0f3f3591b0.jpg,kh,Cambodia
5d4bf2e6cf0b3a0f3f3591de.jpg,kh,Cambodia
5d4bf2e6cf0b3a0f3f3591ea.jpg,kh,Cambodia
5d4bf2e9cf0b3a0f3f359234.jpg,kh,Cambodia
5d4bf2eacf0b3a0f3f35926a.jpg,kh,Cambodia
5d4bf2eccf0b3a0f3f359292.jpg,kh,Cambodia
5d4bf2eccf0b3a0f3f3592a0.jpg,kh,Cambodia
5d4bf2edcf0b3a0f3f3592c6.jpg,kh,Cambodia
5d4bf2f0cf0b3a0f3f359320.jpg,kh,Cambodia
5d4bf30ecf0b3a0f3f35969a.jpg,kh,Cambodia
5d4bf310cf0b3a0f3f3596ea.jpg,kh,Cambodia
5d4bf311cf0b3a0f3f3596fa.jpg,kh,Cambodia
5d4bf315cf0b3a0f3f359764.jpg,kh,Cambodia
5d4bf317cf0b3a0f3f35978a.jpg,kh,Cambodia
5d4bf31bcf0b3a0f3f35980e.jpg,kh,Cambodia
5d4bdedecf0b3a0f3f336b8b.jpg,cm,Cameroon
5d4bdedfcf0b3a0f3f336b8d.jpg,cm,Cameroon
5d4bdee2cf0b3a0f3f336c01.jpg,cm,Cameroon
5d4bdee3cf0b3a0f3f336c0f.jpg,cm,Cameroon
5d4bdee5cf0b3a0f3f336c57.jpg,cm,Cameroon
5d4be3facf0b3a0f3f33f474.jpg,cm,Cameroon
5d4be3fbcf0b3a0f3f33f494.jpg,cm,Cameroon
5d4be3fbcf0b3a0f3f33f49a.jpg,cm,Cameroon
5d4be3fecf0b3a0f3f33f4e8.jpg,cm,Cameroon
5d4be4c9cf0b3a0f3f340b96.jpg,cm,Cameroon
5d4be4e5cf0b3a0f3f340edc.jpg,cm,Cameroon
5ec4f97cf0611d7ddd7417c0.jpg,cm,Cameroon
5fd0297b1f89a90d2a769d63.jpg,cm,Cameroon
5fd029dfa8444d0db97b3808.jpg,cm,Cameroon
5fd029f2a8444d0db97b3855.jpg,cm,Cameroon
5ffe21ff5114a6eccbfd600a.jpg,cm,Cameroon
5d4bdf60cf0b3a0f3f3378c9.jpg,ca,Canada
5d4bdf62cf0b3a0f3f3378eb.jpg,ca,Canada
5d4be64bcf0b3a0f3f343699.jpg,cn,China
5d4be650cf0b3a0f3f343727.jpg,cn,China
5d4be654cf0b3a0f3f343799.jpg,cn,China
5d4be655cf0b3a0f3f3437bf.jpg,cn,China
5d4be659cf0b3a0f3f343827.jpg,cn,China
5d4be659cf0b3a0f3f343829.jpg,cn,China
5d4be659cf0b3a0f3f343837.jpg,cn,China
5d4be6a6cf0b3a0f3f3440e6.jpg,cn,China
5d4be6a8cf0b3a0f3f34411a.jpg,cn,China
5d4be6a8cf0b3a0f3f34412c.jpg,cn,China
5d4be6a9cf0b3a0f3f344138.jpg,cn,China
5d4be6a9cf0b3a0f3f344142.jpg,cn,China
5d4be6a9cf0b3a0f3f344148.jpg,cn,China
5d4be6b3cf0b3a0f3f34425c.jpg,cn,China
5d4be6b4cf0b3a0f3f344288.jpg,cn,China
5d4be6b6cf0b3a0f3f3442c2.jpg,cn,China
5d4be6b8cf0b3a0f3f344306.jpg,cn,China
5d4be7eecf0b3a0f3f3464b9.jpg,cn,China
5d4be7eecf0b3a0f3f3464c7.jpg,cn,China
5d4be7efcf0b3a0f3f3464df.jpg,cn,China
5d4be7f0cf0b3a0f3f34650d.jpg,cn,China
5d4be7f7cf0b3a0f3f3465c7.jpg,cn,China
5d4be800cf0b3a0f3f3466ed.jpg,cn,China
5d4be80ccf0b3a0f3f346831.jpg,cn,China
5d4be80dcf0b3a0f3f346837.jpg,cn,China
5d4be812cf0b3a0f3f3468d5.jpg,cn,China
5d4be816cf0b3a0f3f346947.jpg,cn,China
5d4be81bcf0b3a0f3f3469e7.jpg,cn,China
5d4be81ccf0b3a0f3f3469ef.jpg,cn,China
5d4be81ccf0b3a0f3f3469f7.jpg,cn,China
5d4be81ccf0b3a0f3f346a01.jpg,cn,China
5d4be82dcf0b3a0f3f346b93.jpg,cn,China
5d4be82dcf0b3a0f3f346b9d.jpg,cn,China
5d4be82dcf0b3a0f3f346ba9.jpg,cn,China
5d4be836cf0b3a0f3f346caf.jpg,cn,China
5d4be838cf0b3a0f3f346cdf.jpg,cn,China
5d4be838cf0b3a0f3f346ce5.jpg,cn,China
5d4bf283cf0b3a0f3f35861e.jpg,cn,China
5d4bf285cf0b3a0f3f358646.jpg,cn,China
5d4bf285cf0b3a0f3f358650.jpg,cn,China
5d4bf285cf0b3a0f3f358656.jpg,cn,China
5d4bf286cf0b3a0f3f35866e.jpg,cn,China
5d4bf286cf0b3a0f3f358676.jpg,cn,China
5d4bf291cf0b3a0f3f3587ba.jpg,cn,China
5d4bf293cf0b3a0f3f3587fa.jpg,cn,China
5d4bf295cf0b3a0f3f358844.jpg,cn,China
5d4bf298cf0b3a0f3f35889c.jpg,cn,China
5d4bf29acf0b3a0f3f3588de.jpg,cn,China
5d4bf29acf0b3a0f3f3588e4.jpg,cn,China
5d4bf29dcf0b3a0f3f358934.jpg,cn,China
5d4bf29fcf0b3a0f3f358962.jpg,cn,China
5d4bf2a6cf0b3a0f3f358a46.jpg,cn,China
5d4bf2a8cf0b3a0f3f358a6e.jpg,cn,China
5d4bf2a9cf0b3a0f3f358a96.jpg,cn,China
5d4bf2a9cf0b3a0f3f358aa4.jpg,cn,China
5d4bf2adcf0b3a0f3f358b1c.jpg,cn,China
5d4bf2afcf0b3a0f3f358b4e.jpg,cn,China
5d4bf2afcf0b3a0f3f358b52.jpg,cn,China
5d4bf2afcf0b3a0f3f358b54.jpg,cn,China
5d4bf2b1cf0b3a0f3f358b94.jpg,cn,China
5d4bf2b3cf0b3a0f3f358bd6.jpg,cn,China
5d4bf2b7cf0b3a0f3f358c38.jpg,cn,China
5d4bf2b9cf0b3a0f3f358c7c.jpg,cn,China
5d4bf2bacf0b3a0f3f358cac.jpg,cn,China
5d4bf40fcf0b3a0f3f35aff4.jpg,cn,China
5d4bf412cf0b3a0f3f35b038.jpg,cn,China
5fd02a80a8444d0db97b3adb.jpg,cn,China
5fd02a84a8444d0db97b3aed.jpg,cn,China
5fd02ab0a8444d0db97b3b96.jpg,cn,China
5fd02ab1a8444d0db97b3b9d.jpg,cn,China
5fd02ab2a8444d0db97b3ba9.jpg,cn,China
5fd02ab4a8444d0db97b3bc1.jpg,cn,China
5fd02ab5a8444d0db97b3bcd.jpg,cn,China
5fd02afca8444d0db97b3d4d.jpg,cn,China
5fd02b3aa8444d0db97b3eb2.jpg,cn,China
5fd02b48a8444d0db97b3ef9.jpg,cn,China
5fd2191bbdf7185f607a34bf.jpg,cn,China
5fd2191cbdf7185f607a34c3.jpg,cn,China
5fd21920bdf7185f607a34e1.jpg,cn,China
5fd2192dbdf7185f607a351c.jpg,cn,China
5d4bdfc1cf0b3a0f3f33821b.jpg,co,Colombia
5d4bdfc1cf0b3a0f3f33821d.jpg,co,Colombia
5d4bdfc1cf0b3a0f3f338221.jpg,co,Colombia
5d4bf237cf0b3a0f3f357e7e.jpg,co,Colombia
5d4bf239cf0b3a0f3f357eb6.jpg,co,Colombia
5d4bf239cf0b3a0f3f357ec0.jpg,co,Colombia
5d4bf258cf0b3a0f3f3581f6.jpg,co,Colombia
5d4bf25acf0b3a0f3f358232.jpg,co,Colombia
5d4bf25acf0b3a0f3f35823c.jpg,co,Colombia
5d4bf476cf0b3a0f3f35bb00.jpg,co,Colombia
5d4bf476cf0b3a0f3f35bb0a.jpg,co,Colombia
5ec4f5fdf4a4fb7dc0387bd2.jpg,co,Colombia
5ec4f608f4a4fb7dc0387c36.jpg,co,Colombia
5ec4f74af0611d7ddd7404d0.jpg,co,Colombia
5ec4f75bf0611d7ddd74055e.jpg,co,Colombia
5ec4f75cf0611d7ddd74055f.jpg,co,Colombia
5ec4f979f0611d7ddd7417a9.jpg,co,Colombia
5ec4f9f5f0611d7ddd741bce.jpg,co,Colombia
5ec4fb22f0611d7ddd742586.jpg,co,Colombia
5ec4fb2ff0611d7ddd7425fb.jpg,co,Colombia
5ec4fb56f0611d7ddd74274e.jpg,co,Colombia
5ec4fb5ff0611d7ddd74278a.jpg,co,Colombia
5ec4fb65f0611d7ddd7427bc.jpg,co,Colombia
5ec4fb6af0611d7ddd7427e9.jpg,co,Colombia
5ec4fb6bf0611d7ddd7427f2.jpg,co,Colombia
5ec4fb75f0611d7ddd74284b.jpg,co,Colombia
5ec4fb83f0611d7ddd7428c5.jpg,co,Colombia
5f4fa3640ed38de88462b5f3.jpg,co,Colombia
5f80c1c0c07af86779bee527.jpg,co,Colombia
5f80d12e63e0dcd2420e79af.jpg,co,Colombia
5f8591c3c28f0f64277cd473.jpg,co,Colombia
5f860f055fcbe029725051fe.jpg,co,Colombia
5f88940f7e7572dd97bac8c2.jpg,co,Colombia
5fa3ec9c1fe9ddeea9032feb.jpg,co,Colombia
5fd02c39a8444d0db97b418a.jpg,co,Colombia
5fd02c4aa8444d0db97b41ea.jpg,co,Colombia
5fd02c4ba8444d0db97b41f3.jpg,co,Colombia
5fd02cf9a8444d0db97b46d5.jpg,co,Colombia
5fd02f3ff2d9500e4358a65b.jpg,co,Colombia
5fd02f40f2d9500e4358a664.jpg,co,Colombia
5fd02f42f2d9500e4358a673.jpg,co,Colombia
5fd02feff2d9500e4358a8d4.jpg,co,Colombia
5fd02ff1f2d9500e4358a8e2.jpg,co,Colombia
5fd030dcf2d9500e4358adbf.jpg,co,Colombia
5fd03120f2d9500e4358afae.jpg,co,Colombia
5fd21982bdf7185f607a36ac.jpg,co,Colombia
5d4bf080cf0b3a0f3f355058.jpg,ci,Cote d'Ivoire
5d4bf080cf0b3a0f3f355060.jpg,ci,Cote d'Ivoire
5d4bf09bcf0b3a0f3f3552fc.jpg,ci,Cote d'Ivoire
5d4bf09ecf0b3a0f3f355358.jpg,ci,Cote d'Ivoire
5d4bf0b9cf0b3a0f3f35566a.jpg,ci,Cote d'Ivoire
5d4bf0bacf0b3a0f3f355672.jpg,ci,Cote d'Ivoire
5d4bf0bccf0b3a0f3f3556aa.jpg,ci,Cote d'Ivoire
5d4bf0bccf0b3a0f3f3556b4.jpg,ci,Cote d'Ivoire
5d4bf0c0cf0b3a0f3f35571a.jpg,ci,Cote d'Ivoire
5d4bf0c0cf0b3a0f3f35571c.jpg,ci,Cote d'Ivoire
5d4bf0c3cf0b3a0f3f355776.jpg,ci,Cote d'Ivoire
5d4bf0e7cf0b3a0f3f355b2a.jpg,ci,Cote d'Ivoire
5d4bf0f5cf0b3a0f3f355cbc.jpg,ci,Cote d'Ivoire
5d4bf10acf0b3a0f3f355de8.jpg,ci,Cote d'Ivoire
5d4bf10acf0b3a0f3f355df0.jpg,ci,Cote d'Ivoire
5ec4fa1ff0611d7ddd741d41.jpg,cz,Czech Republic
5ec4fa20f0611d7ddd741d49.jpg,cz,Czech Republic
5ec4fa22f0611d7ddd741d55.jpg,cz,Czech Republic
5ec4fa24f0611d7ddd741d6a.jpg,cz,Czech Republic
5ec4fa27f0611d7ddd741d82.jpg,cz,Czech Republic
5ec4fa2bf0611d7ddd741da0.jpg,cz,Czech Republic
5ec4fa62f0611d7ddd741f3d.jpg,cz,Czech Republic
5ec4fa6af0611d7ddd741f75.jpg,cz,Czech Republic
5ec4fa6cf0611d7ddd741f86.jpg,cz,Czech Republic
5ec4fa76f0611d7ddd741fda.jpg,cz,Czech Republic
5fd0315cf2d9500e4358b0db.jpg,cz,Czech Republic
5fd0318ef2d9500e4358b255.jpg,cz,Czech Republic
5fd0319bf2d9500e4358b2ca.jpg,cz,Czech Republic
5fd031b8f2d9500e4358b37e.jpg,cz,Czech Republic
6057a174684cb22905ce4086.jpg,dk,Denmark
6057c01a5ca7db2c38a5dcbb.jpg,dk,Denmark
6057da945ca47cbce2e7593b.jpg,dk,Denmark
607605157fca0c03e862a58b.jpg,dk,Denmark
5d4be22ecf0b3a0f3f33c471.jpg,eg,Egypt
5d4be231cf0b3a0f3f33c4c1.jpg,eg,Egypt
5d4bf22acf0b3a0f3f357cfa.jpg,eg,Egypt
5d4bf22acf0b3a0f3f357cfe.jpg,eg,Egypt
5d4bf22ccf0b3a0f3f357d2e.jpg,eg,Egypt
5d4bf22dcf0b3a0f3f357d50.jpg,eg,Egypt
5d4bf231cf0b3a0f3f357dc4.jpg,eg,Egypt
5d4bf233cf0b3a0f3f357e0e.jpg,eg,Egypt
5ec4f9cbf0611d7ddd741a67.jpg,et,Ethiopia
5ec4f9d1f0611d7ddd741a9a.jpg,et,Ethiopia
5ec4f9d6f0611d7ddd741ac4.jpg,et,Ethiopia
5ec4f9d6f0611d7ddd741ac8.jpg,et,Ethiopia
5ec4f9d7f0611d7ddd741acc.jpg,et,Ethiopia
5ec4f9e4f0611d7ddd741b44.jpg,et,Ethiopia
5ec4f9e4f0611d7ddd741b46.jpg,et,Ethiopia
5ec4f9e7f0611d7ddd741b5d.jpg,et,Ethiopia
5ec4f9e9f0611d7ddd741b6d.jpg,et,Ethiopia
5ec4f9edf0611d7ddd741b93.jpg,et,Ethiopia
5ec4f9f3f0611d7ddd741bb5.jpg,et,Ethiopia
5ec4f9f3f0611d7ddd741bb8.jpg,et,Ethiopia
5ec4f9f3f0611d7ddd741bb9.jpg,et,Ethiopia
5ec4f9f4f0611d7ddd741bc1.jpg,et,Ethiopia
5ec4fa2ff0611d7ddd741dbd.jpg,et,Ethiopia
5ec4fa3df0611d7ddd741e36.jpg,et,Ethiopia
5ec4fa48f0611d7ddd741e81.jpg,et,Ethiopia
5fd03211f2d9500e4358b627.jpg,et,Ethiopia
5fd03259f2d9500e4358b80e.jpg,et,Ethiopia
5ec4f5463f62767d97a472c1.jpg,fr,France
5ec4f54d3f62767d97a472fa.jpg,fr,France
5ec4fbe1f0611d7ddd742bd2.jpg,fr,France
5ec4fc30f0611d7ddd742e6d.jpg,fr,France
5ec4fc31f0611d7ddd742e72.jpg,fr,France
5ec4fc38f0611d7ddd742eaa.jpg,fr,France
5ed6e46cb32361ce9c9eb41c.jpg,fr,France
5ed80a07b3236109329eb5ad.jpg,fr,France
5ec4facaf0611d7ddd7422ac.jpg,gh,Ghana
5ec4facaf0611d7ddd7422b0.jpg,gh,Ghana
5ec4facbf0611d7ddd7422b6.jpg,gh,Ghana
5ec4faccf0611d7ddd7422c0.jpg,gh,Ghana
5fd0330ff2d9500e4358bcd3.jpg,gh,Ghana
5fd03310f2d9500e4358bcd8.jpg,gh,Ghana
5fd0332df2d9500e4358bd66.jpg,gh,Ghana
5fd0332ef2d9500e4358bd6b.jpg,gh,Ghana
5ec4f882f0611d7ddd740f6c.jpg,gt,Guatemala
5ec4f889f0611d7ddd740f9e.jpg,gt,Guatemala
5d4bf1bbcf0b3a0f3f357026.jpg,ht,Haiti
5d4bf1c0cf0b3a0f3f3570b4.jpg,ht,Haiti
5d4bf1eccf0b3a0f3f3575ba.jpg,ht,Haiti
5d4bf1f2cf0b3a0f3f357668.jpg,ht,Haiti
5d4bf20ccf0b3a0f3f35797a.jpg,ht,Haiti
5d4bf20fcf0b3a0f3f3579d0.jpg,ht,Haiti
5d4bf20fcf0b3a0f3f3579d6.jpg,ht,Haiti
5d4bf43acf0b3a0f3f35b466.jpg,ht,Haiti
5fd03389f2d9500e4358c000.jpg,ht,Haiti
5fd033a3f2d9500e4358c0ce.jpg,ht,Haiti
5fd033a6f2d9500e4358c0e2.jpg,ht,Haiti
5fd033a7f2d9500e4358c0eb.jpg,ht,Haiti
5d4be05fcf0b3a0f3f3391c2.jpg,in,India
5d4be05fcf0b3a0f3f3391cc.jpg,in,India
5d4be067cf0b3a0f3f3392bc.jpg,in,India
5d4be06bcf0b3a0f3f339326.jpg,in,India
5d4be0a5cf0b3a0f3f3399c9.jpg,in,India
5d4be0a7cf0b3a0f3f3399fb.jpg,in,India
5d4be0afcf0b3a0f3f339af1.jpg,in,India
5d4be0afcf0b3a0f3f339af9.jpg,in,India
5d4be0b6cf0b3a0f3f339bd1.jpg,in,India
5d4be0bdcf0b3a0f3f339c93.jpg,in,India
5d4be0c3cf0b3a0f3f339d33.jpg,in,India
5d4be0e1cf0b3a0f3f33a0b5.jpg,in,India
5d4be0e8cf0b3a0f3f33a18b.jpg,in,India
5d4be0e9cf0b3a0f3f33a1b3.jpg,in,India
5d4be0eccf0b3a0f3f33a1f3.jpg,in,India
5d4be0eecf0b3a0f3f33a243.jpg,in,India
5d4be0efcf0b3a0f3f33a263.jpg,in,India
5d4be0ffcf0b3a0f3f33a429.jpg,in,India
5d4be105cf0b3a0f3f33a4e9.jpg,in,India
5d4be107cf0b3a0f3f33a517.jpg,in,India
5d4be107cf0b3a0f3f33a51f.jpg,in,India
5d4be108cf0b3a0f3f33a545.jpg,in,India
5d4be10ecf0b3a0f3f33a5f7.jpg,in,India
5d4be10ecf0b3a0f3f33a5ff.jpg,in,India
5d4be115cf0b3a0f3f33a6b1.jpg,in,India
5d4be116cf0b3a0f3f33a6d5.jpg,in,India
5d4be126cf0b3a0f3f33a8ab.jpg,in,India
5d4be127cf0b3a0f3f33a8cd.jpg,in,India
5d4be129cf0b3a0f3f33a911.jpg,in,India
5d4be12dcf0b3a0f3f33a983.jpg,in,India
5d4be131cf0b3a0f3f33a9f5.jpg,in,India
5d4be135cf0b3a0f3f33aa73.jpg,in,India
5d4be135cf0b3a0f3f33aa79.jpg,in,India
5d4be137cf0b3a0f3f33aaab.jpg,in,India
5d4be13ccf0b3a0f3f33ab41.jpg,in,India
5d4be294cf0b3a0f3f33cf81.jpg,in,India
5d4be295cf0b3a0f3f33cf89.jpg,in,India
5d4be299cf0b3a0f3f33cfe3.jpg,in,India
5d4be2becf0b3a0f3f33d35d.jpg,in,India
5d4be2c3cf0b3a0f3f33d3e5.jpg,in,India
5d4be2c5cf0b3a0f3f33d41d.jpg,in,India
5d4be2c6cf0b3a0f3f33d427.jpg,in,India
5d4be2c8cf0b3a0f3f33d45f.jpg,in,India
5d4be2c8cf0b3a0f3f33d465.jpg,in,India
5d4be2f7cf0b3a0f3f33d83d.jpg,in,India
5d4be2facf0b3a0f3f33d87b.jpg,in,India
5d4be2facf0b3a0f3f33d883.jpg,in,India
5d4be2fbcf0b3a0f3f33d8a9.jpg,in,India
5d4be2fccf0b3a0f3f33d8b7.jpg,in,India
5d4be321cf0b3a0f3f33dc99.jpg,in,India
5d4be322cf0b3a0f3f33dcbb.jpg,in,India
5d4be324cf0b3a0f3f33dcf5.jpg,in,India
5d4be325cf0b3a0f3f33dcfb.jpg,in,India
5d4be348cf0b3a0f3f33e05b.jpg,in,India
5d4be349cf0b3a0f3f33e069.jpg,in,India
5d4be349cf0b3a0f3f33e071.jpg,in,India
5d4be34acf0b3a0f3f33e081.jpg,in,India
5d4be34acf0b3a0f3f33e08d.jpg,in,India
5d4be34fcf0b3a0f3f33e0fb.jpg,in,India
5d4be379cf0b3a0f3f33e573.jpg,in,India
5d4be37bcf0b3a0f3f33e5b9.jpg,in,India
5d4be37dcf0b3a0f3f33e5ed.jpg,in,India
5d4be8b6cf0b3a0f3f34744e.jpg,in,India
5d4be8b7cf0b3a0f3f347456.jpg,in,India
5d4be8b8cf0b3a0f3f347478.jpg,in,India
5d4be8becf0b3a0f3f347534.jpg,in,India
5d4bea0ccf0b3a0f3f349b2e.jpg,in,India
5d4bea0ecf0b3a0f3f349b72.jpg,in,India
5d4bea0fcf0b3a0f3f349b82.jpg,in,India
5d4bea29cf0b3a0f3f349e9c.jpg,in,India
5d4bea2acf0b3a0f3f349eaa.jpg,in,India
5d4bea2ecf0b3a0f3f349f2e.jpg,in,India
5d4bea2fcf0b3a0f3f349f3a.jpg,in,India
5d4bea4dcf0b3a0f3f34a2ce.jpg,in,India
5d4bea4dcf0b3a0f3f34a2d2.jpg,in,India
5d4bea51cf0b3a0f3f34a340.jpg,in,India
5d4bea70cf0b3a0f3f34a6d8.jpg,in,India
5d4bea8fcf0b3a0f3f34aa8c.jpg,in,India
5d4bea90cf0b3a0f3f34aa9a.jpg,in,India
5d4beacecf0b3a0f3f34b204.jpg,in,India
5d4beacfcf0b3a0f3f34b214.jpg,in,India
5d4beae1cf0b3a0f3f34b436.jpg,in,India
5d4beae3cf0b3a0f3f34b47e.jpg,in,India
5d4beae4cf0b3a0f3f34b48e.jpg,in,India
5d4bf175cf0b3a0f3f35689a.jpg,in,India
5d4bf176cf0b3a0f3f3568a8.jpg,in,India
5d4bf177cf0b3a0f3f3568ca.jpg,in,India
5d4bf17acf0b3a0f3f35692a.jpg,in,India
5d4bf17bcf0b3a0f3f35694e.jpg,in,India
5d4bf17ccf0b3a0f3f35696e.jpg,in,India
5d4bf17dcf0b3a0f3f35698e.jpg,in,India
5d4bf184cf0b3a0f3f356a56.jpg,in,India
5d4bf186cf0b3a0f3f356a92.jpg,in,India
5d4bf189cf0b3a0f3f356ace.jpg,in,India
5d4bf18ccf0b3a0f3f356b20.jpg,in,India
5d4bf192cf0b3a0f3f356bc8.jpg,in,India
5d4bf193cf0b3a0f3f356bf2.jpg,in,India
5d4bf194cf0b3a0f3f356c0e.jpg,in,India
5d4bf195cf0b3a0f3f356c1e.jpg,in,India
5ec4f601f4a4fb7dc0387bfc.jpg,in,India
5ec4f7d2f0611d7ddd74096c.jpg,in,India
5ec4f7d3f0611d7ddd74097c.jpg,in,India
5ec4f948f0611d7ddd7415ff.jpg,in,India
5ec4f950f0611d7ddd741645.jpg,in,India
5f105ddd5d43ac7ff859f6b8.jpg,in,India
5f2ed5207ac8435cdc1a4068.jpg,in,India
5fa321c7a4fd6142785dfc90.jpg,in,India
5fd033edf2d9500e4358c2c1.jpg,in,India
5fd033f9f2d9500e4358c31b.jpg,in,India
5fd033fbf2d9500e4358c334.jpg,in,India
5fd0341ff2d9500e4358c449.jpg,in,India
5fd03420f2d9500e4358c455.jpg,in,India
5fd03421f2d9500e4358c466.jpg,in,India
5fd0344ef2d9500e4358c5c3.jpg,in,India
5fd03450f2d9500e4358c5de.jpg,in,India
5fd03476f2d9500e4358c705.jpg,in,India
5fd03478f2d9500e4358c711.jpg,in,India
5fd03479f2d9500e4358c723.jpg,in,India
5fd034bbf2d9500e4358c8bd.jpg,in,India
5fd03505f2d9500e4358ca1d.jpg,in,India
5fd035a0f2d9500e4358ce5c.jpg,in,India
5fd035bff2d9500e4358cf38.jpg,in,India
5fd03609f2d9500e4358d0fa.jpg,in,India
5fd0361ff2d9500e4358d176.jpg,in,India
5fd0365af2d9500e4358d325.jpg,in,India
5fd0366df2d9500e4358d393.jpg,in,India
5fd036ddf2d9500e4358d5d0.jpg,in,India
5fd0372cf2d9500e4358d808.jpg,in,India
5fd037c5f2d9500e4358dbb8.jpg,in,India
5fd03840f2d9500e4358df09.jpg,in,India
5fd03859f2d9500e4358df9d.jpg,in,India
5fd03892f2d9500e4358e127.jpg,in,India
5fd03894f2d9500e4358e136.jpg,in,India
5fd22849955d2f758665bb32.jpg,in,India
5fd2284a955d2f758665bb3c.jpg,in,India
5fd2284b955d2f758665bb47.jpg,in,India
5fd22860955d2f758665bbc4.jpg,in,India
5fd22864955d2f758665bbde.jpg,in,India
5fd228a1955d2f758665bd12.jpg,in,India
5fd228a3955d2f758665bd1c.jpg,in,India
5fd22907955d2f758665bee0.jpg,in,India
5fd22908955d2f758665beed.jpg,in,India
5fd22915955d2f758665bf41.jpg,in,India
5fd22916955d2f758665bf50.jpg,in,India
5fd22918955d2f758665bf5e.jpg,in,India
5fd22919955d2f758665bf6c.jpg,in,India
606f2de1162ff9151688dcd5.jpg,in,India
6074b7dd51bcfb8046a4ad95.jpg,in,India
6074b9d251bcfb08a4a4af10.jpg,in,India
60930d02faa9bb85c4fbb405.jpg,in,India
60930e34faa9bb694dfbb54f.jpg,in,India
5d4bdf03cf0b3a0f3f336f93.jpg,id,Indonesia
5d4bdf04cf0b3a0f3f336f9b.jpg,id,Indonesia
5d4bdf06cf0b3a0f3f336fcb.jpg,id,Indonesia
5d4bdf0acf0b3a0f3f33703d.jpg,id,Indonesia
5d4bdf0bcf0b3a0f3f337053.jpg,id,Indonesia
5d4bdf0bcf0b3a0f3f337059.jpg,id,Indonesia
5d4bdf0ecf0b3a0f3f3370b1.jpg,id,Indonesia
5d4bdf11cf0b3a0f3f3370e1.jpg,id,Indonesia
5d4bdf17cf0b3a0f3f337199.jpg,id,Indonesia
5d4bdf17cf0b3a0f3f33719b.jpg,id,Indonesia
5d4bdf17cf0b3a0f3f33719d.jpg,id,Indonesia
5d4bdf18cf0b3a0f3f3371a9.jpg,id,Indonesia
5d4be76ecf0b3a0f3f3456e6.jpg,id,Indonesia
5d4be770cf0b3a0f3f34570e.jpg,id,Indonesia
5d4be771cf0b3a0f3f34573a.jpg,id,Indonesia
5d4be775cf0b3a0f3f3457aa.jpg,id,Indonesia
5d4be776cf0b3a0f3f3457ce.jpg,id,Indonesia
5d4be77ccf0b3a0f3f345874.jpg,id,Indonesia
5d4be77ecf0b3a0f3f3458c2.jpg,id,Indonesia
5d4be782cf0b3a0f3f345934.jpg,id,Indonesia
5d4be784cf0b3a0f3f34595e.jpg,id,Indonesia
5d4be784cf0b3a0f3f34596a.jpg,id,Indonesia
5d4be785cf0b3a0f3f345986.jpg,id,Indonesia
5d4be785cf0b3a0f3f345992.jpg,id,Indonesia
5d4be787cf0b3a0f3f3459d0.jpg,id,Indonesia
5d4be788cf0b3a0f3f3459e6.jpg,id,Indonesia
5d4be789cf0b3a0f3f3459fa.jpg,id,Indonesia
5d4be78acf0b3a0f3f345a28.jpg,id,Indonesia
5d4be78bcf0b3a0f3f345a3c.jpg,id,Indonesia
5d4bf130cf0b3a0f3f3561e2.jpg,id,Indonesia
5d4bf133cf0b3a0f3f356242.jpg,id,Indonesia
5d4bf137cf0b3a0f3f3562c0.jpg,id,Indonesia
5d4bf13acf0b3a0f3f356308.jpg,id,Indonesia
5d4bf13ecf0b3a0f3f356380.jpg,id,Indonesia
5d4bf141cf0b3a0f3f3563d6.jpg,id,Indonesia
5d4bf145cf0b3a0f3f35644a.jpg,id,Indonesia
5d4bf146cf0b3a0f3f356478.jpg,id,Indonesia
5d4bf148cf0b3a0f3f3564b0.jpg,id,Indonesia
5d4bf14bcf0b3a0f3f35650e.jpg,id,Indonesia
5d4bf150cf0b3a0f3f356532.jpg,id,Indonesia
5d4bf152cf0b3a0f3f35657a.jpg,id,Indonesia
5d4bf158cf0b3a0f3f3565d0.jpg,id,Indonesia
5d4bf15acf0b3a0f3f3565fa.jpg,id,Indonesia
5d4bf15bcf0b3a0f3f35661c.jpg,id,Indonesia
5d4bf15dcf0b3a0f3f35663e.jpg,id,Indonesia
5d4bf161cf0b3a0f3f3566a8.jpg,id,Indonesia
5d4bf163cf0b3a0f3f3566ee.jpg,id,Indonesia
5d4bf165cf0b3a0f3f35672c.jpg,id,Indonesia
5d4bf167cf0b3a0f3f35675a.jpg,id,Indonesia
5d4bf16bcf0b3a0f3f3567cc.jpg,id,Indonesia
5fd038aef2d9500e4358e1ce.jpg,id,Indonesia
5fd038bbf2d9500e4358e229.jpg,id,Indonesia
5fd038ccf2d9500e4358e2bc.jpg,id,Indonesia
5fd038d0f2d9500e4358e2d9.jpg,id,Indonesia
5fd038dbf2d9500e4358e323.jpg,id,Indonesia
5fd0395cf2d9500e4358e4df.jpg,id,Indonesia
5fd22944955d2f758665c0bd.jpg,id,Indonesia
5fd22947955d2f758665c0cb.jpg,id,Indonesia
5ec4f7f7f0611d7ddd740abf.jpg,ir,Iran
5ec4f7f9f0611d7ddd740ad2.jpg,ir,Iran
5ec4f7fdf0611d7ddd740af1.jpg,ir,Iran
5ec4f86df0611d7ddd740eae.jpg,ir,Iran
5ec4f86ff0611d7ddd740ec5.jpg,ir,Iran
5ec4f95ef0611d7ddd7416c2.jpg,ir,Iran
5ec4faaff0611d7ddd7421c2.jpg,ir,Iran
5ec4fab7f0611d7ddd74220b.jpg,ir,Iran
5fd03978f2d9500e4358e5da.jpg,ir,Iran
5fd0397cf2d9500e4358e5ee.jpg,ir,Iran
5fd039ebf2d9500e4358e8db.jpg,ir,Iran
5d4bde20cf0b3a0f3f3359ef.jpg,it,Italy
5d4bde20cf0b3a0f3f335a05.jpg,it,Italy
5d4bde23cf0b3a0f3f335a4f.jpg,it,Italy
5d4bde23cf0b3a0f3f335a53.jpg,it,Italy
5d4bde24cf0b3a0f3f335a5d.jpg,it,Italy
5d4bde2bcf0b3a0f3f335afd.jpg,it,Italy
5d4bde2bcf0b3a0f3f335aff.jpg,it,Italy
5d4be974cf0b3a0f3f348a72.jpg,jo,Jordan
5d4be979cf0b3a0f3f348af8.jpg,jo,Jordan
5d4be998cf0b3a0f3f348e94.jpg,jo,Jordan
5d4be999cf0b3a0f3f348ebc.jpg,jo,Jordan
5d4be9b9cf0b3a0f3f349274.jpg,jo,Jordan
5d4be9b9cf0b3a0f3f34927c.jpg,jo,Jordan
5d4be9dccf0b3a0f3f349690.jpg,jo,Jordan
5d4be9e2cf0b3a0f3f349752.jpg,jo,Jordan
5fd03b02f2d9500e4358f11c.jpg,jo,Jordan
5fd03b24f2d9500e4358f23f.jpg,jo,Jordan
5fd03b25f2d9500e4358f24a.jpg,jo,Jordan
5fd03b41f2d9500e4358f308.jpg,jo,Jordan
5fd03b5df2d9500e4358f3d3.jpg,jo,Jordan
5d4bf06fcf0b3a0f3f354e5c.jpg,kz,Kazakhstan
5d4bf06fcf0b3a0f3f354e64.jpg,kz,Kazakhstan
5d4bf06fcf0b3a0f3f354e6c.jpg,kz,Kazakhstan
5d4bf070cf0b3a0f3f354e78.jpg,kz,Kazakhstan
5d4bde5ccf0b3a0f3f335f7b.jpg,ke,Kenya
5d4be1c8cf0b3a0f3f33b9dd.jpg,ke,Kenya
5d4be1c9cf0b3a0f3f33b9e1.jpg,ke,Kenya
5d4be1cacf0b3a0f3f33b9fb.jpg,ke,Kenya
5d4be1cccf0b3a0f3f33ba3d.jpg,ke,Kenya
5d4be225cf0b3a0f3f33c367.jpg,ke,Kenya
5d4be250cf0b3a0f3f33c7ef.jpg,ke,Kenya
5d4be250cf0b3a0f3f33c7f3.jpg,ke,Kenya
5d4beb78cf0b3a0f3f34c47a.jpg,ke,Kenya
5d4beb7ccf0b3a0f3f34c50e.jpg,ke,Kenya
5d4beb7dcf0b3a0f3f34c520.jpg,ke,Kenya
5fd03c00f2d9500e4358f800.jpg,ke,Kenya
5fd03c10f2d9500e4358f832.jpg,ke,Kenya
5fd03c15f2d9500e4358f83c.jpg,ke,Kenya
5fd03c21f2d9500e4358f857.jpg,ke,Kenya
5d4bf060cf0b3a0f3f354cfe.jpg,kg,Kyrgyzstan
5d4bf063cf0b3a0f3f354d56.jpg,kg,Kyrgyzstan
5d4bf066cf0b3a0f3f354dbc.jpg,kg,Kyrgyzstan
5d4beb92cf0b3a0f3f34c790.jpg,lb,Lebanon
5d4beb92cf0b3a0f3f34c792.jpg,lb,Lebanon
5d4bf049cf0b3a0f3f354ae4.jpg,lr,Liberia
5d4bf04bcf0b3a0f3f354b16.jpg,lr,Liberia
5d4bf04ecf0b3a0f3f354b72.jpg,lr,Liberia
5d4bf050cf0b3a0f3f354ba8.jpg,lr,Liberia
5d4bf054cf0b3a0f3f354bd6.jpg,lr,Liberia
5d4bf055cf0b3a0f3f354bf6.jpg,lr,Liberia
5d4bf05acf0b3a0f3f354c76.jpg,lr,Liberia
5d4bf05acf0b3a0f3f354c78.jpg,lr,Liberia
5d4befb2cf0b3a0f3f353ab6.jpg,mw,Malawi
5d4befb3cf0b3a0f3f353ac0.jpg,mw,Malawi
5d4befc7cf0b3a0f3f353d16.jpg,mw,Malawi
5d4befc8cf0b3a0f3f353d3c.jpg,mw,Malawi
5d4befc9cf0b3a0f3f353d56.jpg,mw,Malawi
5d4befc9cf0b3a0f3f353d5e.jpg,mw,Malawi
5d4befdfcf0b3a0f3f353fa4.jpg,mw,Malawi
5d4befe0cf0b3a0f3f353faa.jpg,mw,Malawi
5d4befe3cf0b3a0f3f353fe8.jpg,mw,Malawi
5d4beff8cf0b3a0f3f35425c.jpg,mw,Malawi
5d4beff8cf0b3a0f3f354260.jpg,mw,Malawi
5d4beff8cf0b3a0f3f354262.jpg,mw,Malawi
5d4beff9cf0b3a0f3f354286.jpg,mw,Malawi
5d4bf00bcf0b3a0f3f354494.jpg,mw,Malawi
5d4bf00dcf0b3a0f3f3544c6.jpg,mw,Malawi
5d4bf00dcf0b3a0f3f3544cc.jpg,mw,Malawi
5d4bf022cf0b3a0f3f35472a.jpg,mw,Malawi
5d4bf024cf0b3a0f3f354754.jpg,mw,Malawi
5d4bf025cf0b3a0f3f35475a.jpg,mw,Malawi
5d4bf037cf0b3a0f3f354942.jpg,mw,Malawi
5d4bf038cf0b3a0f3f35494a.jpg,mw,Malawi
5ed19b21581a3de53c7f8e72.jpg,mw,Malawi
5fd03c6df2d9500e4358f9a2.jpg,mw,Malawi
5fd03c6ef2d9500e4358f9af.jpg,mw,Malawi
5fd03cb0f2d9500e4358fbb6.jpg,mw,Malawi
5fd03cd1f2d9500e4358fc9e.jpg,mw,Malawi
5fd03cdff2d9500e4358fd16.jpg,mw,Malawi
5fd03d05f2d9500e4358fe45.jpg,mw,Malawi
5fd03d29f2d9500e4358ff2a.jpg,mw,Malawi
5fd03d2af2d9500e4358ff36.jpg,mw,Malawi
5fd03d4af2d9500e4358fffa.jpg,mw,Malawi
5d4bde5dcf0b3a0f3f335f9f.jpg,mx,Mexico
5d4bde80cf0b3a0f3f3362d7.jpg,mx,Mexico
5d4bef7fcf0b3a0f3f3535d2.jpg,mx,Mexico
5d4bef82cf0b3a0f3f353612.jpg,mx,Mexico
5d4bef83cf0b3a0f3f35363c.jpg,mx,Mexico
5d4bef88cf0b3a0f3f3536d8.jpg,mx,Mexico
5d4bef8acf0b3a0f3f353710.jpg,mx,Mexico
5d4bef9ecf0b3a0f3f35385a.jpg,mx,Mexico
5d4befa6cf0b3a0f3f35394a.jpg,mx,Mexico
5d4befa9cf0b3a0f3f353992.jpg,mx,Mexico
5d4bf407cf0b3a0f3f35af12.jpg,mx,Mexico
5d4bf409cf0b3a0f3f35af4c.jpg,mx,Mexico
5d4be1e0cf0b3a0f3f33bc01.jpg,mn,Mongolia
5d4be1e0cf0b3a0f3f33bc03.jpg,mn,Mongolia
5d4be1e0cf0b3a0f3f33bc05.jpg,mn,Mongolia
5d4be1e1cf0b3a0f3f33bc1f.jpg,mn,Mongolia
5d4be6f0cf0b3a0f3f344970.jpg,mm,Myanmar
5d4be6f3cf0b3a0f3f3449c2.jpg,mm,Myanmar
5d4be6f3cf0b3a0f3f3449c6.jpg,mm,Myanmar
5d4be6f3cf0b3a0f3f3449ca.jpg,mm,Myanmar
5d4be73ecf0b3a0f3f34519e.jpg,mm,Myanmar
5d4be746cf0b3a0f3f34526a.jpg,mm,Myanmar
5d4be74bcf0b3a0f3f345302.jpg,mm,Myanmar
5d4be751cf0b3a0f3f3453b0.jpg,mm,Myanmar
5d4be754cf0b3a0f3f34540a.jpg,mm,Myanmar
5d4be757cf0b3a0f3f34545a.jpg,mm,Myanmar
5d4be75acf0b3a0f3f3454b2.jpg,mm,Myanmar
5d4be75acf0b3a0f3f3454b4.jpg,mm,Myanmar
5d4be75bcf0b3a0f3f3454c6.jpg,mm,Myanmar
5d4be75fcf0b3a0f3f345536.jpg,mm,Myanmar
5d4be765cf0b3a0f3f3455d0.jpg,mm,Myanmar
5d4be765cf0b3a0f3f3455e4.jpg,mm,Myanmar
5d4be76dcf0b3a0f3f3456ba.jpg,mm,Myanmar
5d4be76dcf0b3a0f3f3456be.jpg,mm,Myanmar
5d4be76dcf0b3a0f3f3456c0.jpg,mm,Myanmar
5fd03dc9f2d9500e43590320.jpg,mm,Myanmar
5fd03dcaf2d9500e4359032d.jpg,mm,Myanmar
5fd03de2f2d9500e435903cf.jpg,mm,Myanmar
5fd03de6f2d9500e435903eb.jpg,mm,Myanmar
5fd03e01f2d9500e43590499.jpg,mm,Myanmar
5fd03e14f2d9500e43590541.jpg,mm,Myanmar
5fd03e1cf2d9500e4359056b.jpg,mm,Myanmar
5fd03e1df2d9500e43590570.jpg,mm,Myanmar
5fd03e3bf2d9500e43590642.jpg,mm,Myanmar
5fd03e5df2d9500e43590730.jpg,mm,Myanmar
6095b26ea7a9da027b80af6e.jpg,mm,Myanmar
5d4bdf1ecf0b3a0f3f337253.jpg,np,Nepal
5d4bdf1ecf0b3a0f3f33725b.jpg,np,Nepal
5d4bdf1fcf0b3a0f3f337275.jpg,np,Nepal
5d4bdf1fcf0b3a0f3f337279.jpg,np,Nepal
5d4bef4dcf0b3a0f3f352fde.jpg,np,Nepal
5d4bef4ecf0b3a0f3f353008.jpg,np,Nepal
5d4bef4fcf0b3a0f3f353020.jpg,np,Nepal
5d4bef52cf0b3a0f3f35308e.jpg,np,Nepal
5d4bef55cf0b3a0f3f3530d6.jpg,np,Nepal
5d4bef55cf0b3a0f3f3530dc.jpg,np,Nepal
5d4bef58cf0b3a0f3f35313e.jpg,np,Nepal
5d4bef59cf0b3a0f3f353152.jpg,np,Nepal
5d4bef5bcf0b3a0f3f353192.jpg,np,Nepal
5d4bef5dcf0b3a0f3f3531d4.jpg,np,Nepal
5d4bef5fcf0b3a0f3f3531fc.jpg,np,Nepal
5d4bef61cf0b3a0f3f353252.jpg,np,Nepal
5d4bef64cf0b3a0f3f353294.jpg,np,Nepal
5d4bef65cf0b3a0f3f3532be.jpg,np,Nepal
5d4bef67cf0b3a0f3f353306.jpg,np,Nepal
5d4bef6acf0b3a0f3f353360.jpg,np,Nepal
5d4bef6bcf0b3a0f3f353376.jpg,np,Nepal
5d4bef6ccf0b3a0f3f353398.jpg,np,Nepal
5d4bef70cf0b3a0f3f353406.jpg,np,Nepal
5d4bef71cf0b3a0f3f353432.jpg,np,Nepal
5d4bef74cf0b3a0f3f353470.jpg,np,Nepal
5d4bef76cf0b3a0f3f3534c0.jpg,np,Nepal
5d4bef78cf0b3a0f3f3534f2.jpg,np,Nepal
5d4bef79cf0b3a0f3f35351a.jpg,np,Nepal
5d4bef7bcf0b3a0f3f353542.jpg,np,Nepal
5d4bef7dcf0b3a0f3f353588.jpg,np,Nepal
5ec4f5423f62767d97a4729e.jpg,np,Nepal
5ec4f5433f62767d97a472a0.jpg,np,Nepal
5ec4f7def0611d7ddd7409dd.jpg,np,Nepal
5ec4f7e3f0611d7ddd740a0a.jpg,np,Nepal
5ec4f7e7f0611d7ddd740a2c.jpg,np,Nepal
5ec4f7ecf0611d7ddd740a57.jpg,np,Nepal
5ec4f800f0611d7ddd740b11.jpg,np,Nepal
5ec4f80df0611d7ddd740b6e.jpg,np,Nepal
5ec4f80ff0611d7ddd740b82.jpg,np,Nepal
5ec4f812f0611d7ddd740b99.jpg,np,Nepal
5ec4f819f0611d7ddd740bd9.jpg,np,Nepal
5ec4f81af0611d7ddd740be8.jpg,np,Nepal
5ec4f81bf0611d7ddd740bee.jpg,np,Nepal
5ec4f821f0611d7ddd740c21.jpg,np,Nepal
5ec4f821f0611d7ddd740c22.jpg,np,Nepal
5ec4f826f0611d7ddd740c4b.jpg,np,Nepal
5edf6f1c12a0221f1187be8f.jpg,np,Nepal
5edf935c12a022a2a887e0f7.jpg,np,Nepal
5fd03e83f2d9500e43590851.jpg,np,Nepal
5fd03e8ef2d9500e4359089c.jpg,np,Nepal
5fd03eb7f2d9500e435909fb.jpg,np,Nepal
5fd03ec0f2d9500e43590a25.jpg,np,Nepal
5fd03ed1f2d9500e43590ac4.jpg,np,Nepal
5fd03ed4f2d9500e43590ae8.jpg,np,Nepal
5fd03eddf2d9500e43590b1e.jpg,np,Nepal
5fd22999955d2f758665c2f3.jpg,np,Nepal
5d4bde8ccf0b3a0f3f3363e9.jpg,nl,Netherlands
5d4bde91cf0b3a0f3f33646b.jpg,nl,Netherlands
5d4bde94cf0b3a0f3f3364ad.jpg,nl,Netherlands
5d4bdfb2cf0b3a0f3f3380af.jpg,nl,Netherlands
5d4bdfb2cf0b3a0f3f3380b5.jpg,nl,Netherlands
5d4bdfb2cf0b3a0f3f3380bb.jpg,nl,Netherlands
5d4bdfb8cf0b3a0f3f33814f.jpg,nl,Netherlands
5d4bdfb8cf0b3a0f3f338151.jpg,nl,Netherlands
5d4bdfb8cf0b3a0f3f338153.jpg,nl,Netherlands
5d4be027cf0b3a0f3f338ba8.jpg,nl,Netherlands
5d4be027cf0b3a0f3f338baa.jpg,nl,Netherlands
5d4be028cf0b3a0f3f338bb8.jpg,nl,Netherlands
5d4be02ecf0b3a0f3f338c5e.jpg,nl,Netherlands
5d4be02ecf0b3a0f3f338c60.jpg,nl,Netherlands
5d4be035cf0b3a0f3f338d16.jpg,nl,Netherlands
5d4be035cf0b3a0f3f338d18.jpg,nl,Netherlands
5d4be04bcf0b3a0f3f338f80.jpg,nl,Netherlands
5d4be04dcf0b3a0f3f338fac.jpg,nl,Netherlands
5d4be04fcf0b3a0f3f338ffa.jpg,nl,Netherlands
5d4be050cf0b3a0f3f33900c.jpg,nl,Netherlands
5d4be0d3cf0b3a0f3f339f15.jpg,nl,Netherlands
5d4be0d3cf0b3a0f3f339f17.jpg,nl,Netherlands
5d4be0d3cf0b3a0f3f339f1d.jpg,nl,Netherlands
5d4be0d3cf0b3a0f3f339f27.jpg,nl,Netherlands
5d4be0dacf0b3a0f3f339fe7.jpg,nl,Netherlands
5fd03f38f2d9500e43590c25.jpg,nl,Netherlands
5fd03f64f2d9500e43590d21.jpg,nl,Netherlands
5fd03fc6f2d9500e43590f0b.jpg,nl,Netherlands
5fd04044f2d9500e43591225.jpg,nl,Netherlands
5fd040d5f2d9500e43591575.jpg,nl,Netherlands
5d4be004cf0b3a0f3f338928.jpg,ng,Nigeria
5d4be004cf0b3a0f3f33892e.jpg,ng,Nigeria
5d4be007cf0b3a0f3f338970.jpg,ng,Nigeria
5d4be00dcf0b3a0f3f338a02.jpg,ng,Nigeria
5d4be012cf0b3a0f3f338a70.jpg,ng,Nigeria
5d4be014cf0b3a0f3f338ab0.jpg,ng,Nigeria
5d4be015cf0b3a0f3f338aba.jpg,ng,Nigeria
5d4be042cf0b3a0f3f338e8a.jpg,ng,Nigeria
5d4be089cf0b3a0f3f33968b.jpg,ng,Nigeria
5d4beee5cf0b3a0f3f3523de.jpg,ng,Nigeria
5d4beee6cf0b3a0f3f3523e8.jpg,ng,Nigeria
5d4beee6cf0b3a0f3f3523ea.jpg,ng,Nigeria
5d4beef8cf0b3a0f3f352600.jpg,ng,Nigeria
5d4beef8cf0b3a0f3f352616.jpg,ng,Nigeria
5d4beefacf0b3a0f3f352658.jpg,ng,Nigeria
5d4bef01cf0b3a0f3f352718.jpg,ng,Nigeria
5d4bef06cf0b3a0f3f3527ac.jpg,ng,Nigeria
5d4bef0ecf0b3a0f3f352894.jpg,ng,Nigeria
5d4bef0fcf0b3a0f3f3528ac.jpg,ng,Nigeria
5d4bef1ccf0b3a0f3f352a2e.jpg,ng,Nigeria
5d4bef1dcf0b3a0f3f352a56.jpg,ng,Nigeria
5d4bef28cf0b3a0f3f352ba4.jpg,ng,Nigeria
5d4bef2ccf0b3a0f3f352c1e.jpg,ng,Nigeria
5d4bef2ccf0b3a0f3f352c26.jpg,ng,Nigeria
5d4bef2dcf0b3a0f3f352c4a.jpg,ng,Nigeria
5d4bef32cf0b3a0f3f352cc4.jpg,ng,Nigeria
5d4bef33cf0b3a0f3f352cea.jpg,ng,Nigeria
5fd04149f2d9500e43591850.jpg,ng,Nigeria
5fd04157f2d9500e43591884.jpg,ng,Nigeria
5fd04180f2d9500e43591974.jpg,ng,Nigeria
5fd04190f2d9500e435919d1.jpg,ng,Nigeria
5fd04191f2d9500e435919da.jpg,ng,Nigeria
5d4bdfcbcf0b3a0f3f33832a.jpg,pk,Pakistan
5d4bdfcecf0b3a0f3f33836e.jpg,pk,Pakistan
5d4bdfcfcf0b3a0f3f338398.jpg,pk,Pakistan
5d4bdff3cf0b3a0f3f338796.jpg,pk,Pakistan
5d4bdff6cf0b3a0f3f3387dc.jpg,pk,Pakistan
5d4bdff9cf0b3a0f3f338830.jpg,pk,Pakistan
5d4bdffacf0b3a0f3f33885a.jpg,pk,Pakistan
5d4be153cf0b3a0f3f33adf5.jpg,pk,Pakistan
5d4be155cf0b3a0f3f33ae33.jpg,pk,Pakistan
5d4be157cf0b3a0f3f33ae61.jpg,pk,Pakistan
5d4be1abcf0b3a0f3f33b733.jpg,pk,Pakistan
5d4be1accf0b3a0f3f33b74d.jpg,pk,Pakistan
5d4be734cf0b3a0f3f345072.jpg,pk,Pakistan
5d4be73bcf0b3a0f3f345144.jpg,pk,Pakistan
5ec4f8dff0611d7ddd74128b.jpg,pk,Pakistan
5f6491ba21307286b935262d.jpg,pk,Pakistan
5f6491d9213072883d352685.jpg,pk,Pakistan
5f7dc8a7ba448336aba5a362.jpg,pk,Pakistan
5f8e21acedcf693bcb16a219.jpg,pk,Pakistan
5f8e277dedcf69058316a234.jpg,pk,Pakistan
5f8e2a9e09641f6e47721523.jpg,pk,Pakistan
5fd041eff2d9500e43591c20.jpg,pk,Pakistan
5fd041fcf2d9500e43591c7f.jpg,pk,Pakistan
5fd04212f2d9500e43591d0d.jpg,pk,Pakistan
5fd04228f2d9500e43591d59.jpg,pk,Pakistan
5fd0423ff2d9500e43591db7.jpg,pk,Pakistan
5fd04266f2d9500e43591eaa.jpg,pk,Pakistan
5fd042b2f2d9500e4359206f.jpg,pk,Pakistan
5d4be6d4cf0b3a0f3f34463a.jpg,ps,Palestine
5d4be6d5cf0b3a0f3f344644.jpg,ps,Palestine
5d4be6e0cf0b3a0f3f344798.jpg,ps,Palestine
5d4be6e0cf0b3a0f3f34479e.jpg,ps,Palestine
5d4beed2cf0b3a0f3f35218e.jpg,pg,Papua New Guinea
5d4beed2cf0b3a0f3f352192.jpg,pg,Papua New Guinea
5d4beed2cf0b3a0f3f35219e.jpg,pg,Papua New Guinea
5d4beed7cf0b3a0f3f352236.jpg,pg,Papua New Guinea
5d4beedbcf0b3a0f3f3522a8.jpg,pg,Papua New Guinea
5d4beedccf0b3a0f3f3522c6.jpg,pg,Papua New Guinea
5d4bdef0cf0b3a0f3f336d9b.jpg,pe,Peru
5d4bdef0cf0b3a0f3f336d9d.jpg,pe,Peru
5d4bdfa1cf0b3a0f3f337f55.jpg,pe,Peru
5d4bdfa3cf0b3a0f3f337f97.jpg,pe,Peru
5d4bdfa4cf0b3a0f3f337f99.jpg,pe,Peru
5d4bdfaccf0b3a0f3f33803d.jpg,pe,Peru
5d4be663cf0b3a0f3f343955.jpg,pe,Peru
5d4be665cf0b3a0f3f34398d.jpg,pe,Peru
5f42dfceebd73bcdd779c5d6.jpg,pe,Peru
5fd042cef2d9500e43592105.jpg,pe,Peru
5fd042dcf2d9500e43592140.jpg,pe,Peru
5fd042ddf2d9500e43592142.jpg,pe,Peru
5fd229b2955d2f758665c38e.jpg,pe,Peru
5d4bee6bcf0b3a0f3f3515aa.jpg,ph,Philippines
5d4bee6bcf0b3a0f3f3515be.jpg,ph,Philippines
5d4bee6ccf0b3a0f3f3515d6.jpg,ph,Philippines
5d4bee6ccf0b3a0f3f3515d8.jpg,ph,Philippines
5d4bee74cf0b3a0f3f3516c2.jpg,ph,Philippines
5d4bee75cf0b3a0f3f3516d0.jpg,ph,Philippines
5d4bee76cf0b3a0f3f3516fa.jpg,ph,Philippines
5d4bee7ecf0b3a0f3f3517f2.jpg,ph,Philippines
5d4bee7ecf0b3a0f3f3517f6.jpg,ph,Philippines
5d4bee86cf0b3a0f3f3518dc.jpg,ph,Philippines
5d4bee86cf0b3a0f3f3518de.jpg,ph,Philippines
5d4bee87cf0b3a0f3f3518f0.jpg,ph,Philippines
5d4bee87cf0b3a0f3f3518f2.jpg,ph,Philippines
5d4bee87cf0b3a0f3f3518f4.jpg,ph,Philippines
5d4bee87cf0b3a0f3f351906.jpg,ph,Philippines
5d4bee9bcf0b3a0f3f351b52.jpg,ph,Philippines
5d4bee9dcf0b3a0f3f351b7a.jpg,ph,Philippines
5d4bee9dcf0b3a0f3f351b84.jpg,ph,Philippines
5d4bee9ecf0b3a0f3f351ba8.jpg,ph,Philippines
5d4beea1cf0b3a0f3f351bf4.jpg,ph,Philippines
5d4beea2cf0b3a0f3f351c1c.jpg,ph,Philippines
5d4beea4cf0b3a0f3f351c4a.jpg,ph,Philippines
5d4beea5cf0b3a0f3f351c7a.jpg,ph,Philippines
5d4beea8cf0b3a0f3f351cc4.jpg,ph,Philippines
5d4beea9cf0b3a0f3f351cee.jpg,ph,Philippines
5d4beeaacf0b3a0f3f351d12.jpg,ph,Philippines
5d4beeafcf0b3a0f3f351d96.jpg,ph,Philippines
5d4beeb0cf0b3a0f3f351dc0.jpg,ph,Philippines
5d4beeb2cf0b3a0f3f351de4.jpg,ph,Philippines
5d4beeb6cf0b3a0f3f351e5e.jpg,ph,Philippines
5d4beeb8cf0b3a0f3f351e8a.jpg,ph,Philippines
5d4beeb9cf0b3a0f3f351eaa.jpg,ph,Philippines
5d4beebdcf0b3a0f3f351f1e.jpg,ph,Philippines
5d4beebecf0b3a0f3f351f46.jpg,ph,Philippines
5d4beec2cf0b3a0f3f351fc0.jpg,ph,Philippines
5d4beec3cf0b3a0f3f351fce.jpg,ph,Philippines
5d4beec4cf0b3a0f3f351fea.jpg,ph,Philippines
5d4beec5cf0b3a0f3f35200c.jpg,ph,Philippines
5d4beec6cf0b3a0f3f35202a.jpg,ph,Philippines
5d4beec6cf0b3a0f3f352032.jpg,ph,Philippines
5d4beec8cf0b3a0f3f352076.jpg,ph,Philippines
5d4beec9cf0b3a0f3f352082.jpg,ph,Philippines
5d4beecacf0b3a0f3f3520ac.jpg,ph,Philippines
5d4beecccf0b3a0f3f3520d8.jpg,ph,Philippines
5d4beecccf0b3a0f3f3520e4.jpg,ph,Philippines
5d4beecdcf0b3a0f3f352104.jpg,ph,Philippines
5d4beecdcf0b3a0f3f35210c.jpg,ph,Philippines
5d4beed0cf0b3a0f3f35215a.jpg,ph,Philippines
5fd0432ef2d9500e435922fd.jpg,ph,Philippines
5fd0433cf2d9500e43592368.jpg,ph,Philippines
5fd04366f2d9500e435924a1.jpg,ph,Philippines
5fd04368f2d9500e435924b6.jpg,ph,Philippines
5fd04386f2d9500e43592592.jpg,ph,Philippines
5fd04388f2d9500e435925aa.jpg,ph,Philippines
5fd04395f2d9500e43592616.jpg,ph,Philippines
5fd04397f2d9500e4359262e.jpg,ph,Philippines
5fd043a1f2d9500e43592662.jpg,ph,Philippines
5fd043b5f2d9500e43592709.jpg,ph,Philippines
5fd043b9f2d9500e4359272b.jpg,ph,Philippines
5fd043c3f2d9500e43592766.jpg,ph,Philippines
5fd043d6f2d9500e43592818.jpg,ph,Philippines
5fd043d9f2d9500e43592830.jpg,ph,Philippines
5fd043f6f2d9500e43592901.jpg,ph,Philippines
5fd043faf2d9500e43592923.jpg,ph,Philippines
5d4bdf7fcf0b3a0f3f337be9.jpg,ro,Romania
5d4bdf7fcf0b3a0f3f337beb.jpg,ro,Romania
5d4bdf7fcf0b3a0f3f337bf3.jpg,ro,Romania
5d4bdf7fcf0b3a0f3f337bf7.jpg,ro,Romania
5d4bdf8acf0b3a0f3f337d1f.jpg,ro,Romania
5ec4f5c4f4a4fb7dc03879d9.jpg,ru,Russia
5ec4f5c5f4a4fb7dc03879e1.jpg,ru,Russia
5ec4f5c5f4a4fb7dc03879e2.jpg,ru,Russia
5ec4f5c8f4a4fb7dc03879f9.jpg,ru,Russia
5ec4f5cdf4a4fb7dc0387a2a.jpg,ru,Russia
5ec4f5cff4a4fb7dc0387a3b.jpg,ru,Russia
5ec4fabff0611d7ddd74224d.jpg,ru,Russia
5ec4fac3f0611d7ddd74226b.jpg,ru,Russia
5ec4fac5f0611d7ddd74227e.jpg,ru,Russia
5fd04518f2d9500e43592fe7.jpg,ru,Russia
5d4bee23cf0b3a0f3f350e7c.jpg,rw,Rwanda
5d4bee23cf0b3a0f3f350e84.jpg,rw,Rwanda
5d4bee28cf0b3a0f3f350ef2.jpg,rw,Rwanda
5d4bee3ecf0b3a0f3f35108a.jpg,rw,Rwanda
5d4bee44cf0b3a0f3f351146.jpg,rw,Rwanda
5d4bee49cf0b3a0f3f3511e0.jpg,rw,Rwanda
5d4bee4bcf0b3a0f3f35121c.jpg,rw,Rwanda
5d4bee51cf0b3a0f3f3512ba.jpg,rw,Rwanda
5d4bee5ccf0b3a0f3f3513fe.jpg,rw,Rwanda
5d4bee62cf0b3a0f3f3514b6.jpg,rw,Rwanda
5d4bde5bcf0b3a0f3f335f69.jpg,rs,Serbia
5d4bde5bcf0b3a0f3f335f71.jpg,rs,Serbia
5d4bde5ecf0b3a0f3f335fc3.jpg,rs,Serbia
5d4bde60cf0b3a0f3f335fef.jpg,rs,Serbia
5d4bde60cf0b3a0f3f335ff7.jpg,rs,Serbia
5d4bde61cf0b3a0f3f336003.jpg,rs,Serbia
5d4bde62cf0b3a0f3f336013.jpg,rs,Serbia
5d4bde95cf0b3a0f3f3364d7.jpg,rs,Serbia
5d4bde96cf0b3a0f3f3364db.jpg,rs,Serbia
5d4bde96cf0b3a0f3f3364e1.jpg,rs,Serbia
5d4bde97cf0b3a0f3f3364ff.jpg,rs,Serbia
5d4bded6cf0b3a0f3f336a9d.jpg,rs,Serbia
5d4bded8cf0b3a0f3f336ac1.jpg,rs,Serbia
5d4bdedbcf0b3a0f3f336b2d.jpg,rs,Serbia
5d4bdeddcf0b3a0f3f336b5d.jpg,rs,Serbia
5d4bdee8cf0b3a0f3f336caf.jpg,rs,Serbia
5d4bdee8cf0b3a0f3f336cb1.jpg,rs,Serbia
5d4bdeebcf0b3a0f3f336d09.jpg,rs,Serbia
5d4bdeeecf0b3a0f3f336d5d.jpg,rs,Serbia
5d4bdeefcf0b3a0f3f336d83.jpg,rs,Serbia
5d4bdefbcf0b3a0f3f336eab.jpg,rs,Serbia
5d4bdefccf0b3a0f3f336ecf.jpg,rs,Serbia
5d4bdefccf0b3a0f3f336ed9.jpg,rs,Serbia
5d4bdf01cf0b3a0f3f336f51.jpg,rs,Serbia
5d4bdf3acf0b3a0f3f337541.jpg,rs,Serbia
5d4bdf3ccf0b3a0f3f33756f.jpg,rs,Serbia
5d4bdf3ecf0b3a0f3f3375ab.jpg,rs,Serbia
5d4bdf3fcf0b3a0f3f3375c9.jpg,rs,Serbia
5d4bdf42cf0b3a0f3f337609.jpg,rs,Serbia
5d4bdf7acf0b3a0f3f337b6f.jpg,rs,Serbia
5d4bdf7bcf0b3a0f3f337b81.jpg,rs,Serbia
5d4bdf7dcf0b3a0f3f337bc9.jpg,rs,Serbia
5d4bdf94cf0b3a0f3f337e09.jpg,rs,Serbia
5d4bdf95cf0b3a0f3f337e21.jpg,rs,Serbia
5d4bdf97cf0b3a0f3f337e55.jpg,rs,Serbia
5d4bdf98cf0b3a0f3f337e71.jpg,rs,Serbia
5ec4fc10f0611d7ddd742d5b.jpg,rs,Serbia
5ec4fc1af0611d7ddd742db1.jpg,rs,Serbia
5ec4fc1ff0611d7ddd742dda.jpg,rs,Serbia
5ec4fc1ff0611d7ddd742ddb.jpg,rs,Serbia
5fd0457af2d9500e435933a8.jpg,rs,Serbia
5fd04582f2d9500e435933e7.jpg,rs,Serbia
5fd04604f2d9500e43593703.jpg,rs,Serbia
5fd04619f2d9500e435937bb.jpg,rs,Serbia
5fd04638f2d9500e4359386a.jpg,rs,Serbia
5fd04641f2d9500e435938a3.jpg,rs,Serbia
5fd0466af2d9500e4359399b.jpg,rs,Serbia
5fd04687f2d9500e43593a18.jpg,rs,Serbia
5fd046d6f2d9500e43593c56.jpg,rs,Serbia
5fd04702f2d9500e43593dae.jpg,rs,Serbia
5d4bec51cf0b3a0f3f34dbb8.jpg,so,Somalia
5d4bdf5acf0b3a0f3f33782d.jpg,za,South Africa
5d4be283cf0b3a0f3f33cda3.jpg,za,South Africa
5d4be283cf0b3a0f3f33cda5.jpg,za,South Africa
5d4be283cf0b3a0f3f33cdab.jpg,za,South Africa
5d4be283cf0b3a0f3f33cdaf.jpg,za,South Africa
5d4be618cf0b3a0f3f3430c1.jpg,za,South Africa
5d4be619cf0b3a0f3f3430d7.jpg,za,South Africa
5d4be61acf0b3a0f3f3430eb.jpg,za,South Africa
5d4be61ccf0b3a0f3f343125.jpg,za,South Africa
5d4be61fcf0b3a0f3f343191.jpg,za,South Africa
5d4be620cf0b3a0f3f3431b1.jpg,za,South Africa
5d4be623cf0b3a0f3f3431f5.jpg,za,South Africa
5d4be624cf0b3a0f3f34321d.jpg,za,South Africa
5d4be624cf0b3a0f3f343223.jpg,za,South Africa
5d4be625cf0b3a0f3f34323f.jpg,za,South Africa
5d4be627cf0b3a0f3f343277.jpg,za,South Africa
5d4be628cf0b3a0f3f343289.jpg,za,South Africa
5d4be629cf0b3a0f3f3432ab.jpg,za,South Africa
5d4be62acf0b3a0f3f3432cd.jpg,za,South Africa
5d4bf418cf0b3a0f3f35b0e0.jpg,za,South Africa
5fd04727f2d9500e43593ea7.jpg,za,South Africa
5fd04739f2d9500e43593f21.jpg,za,South Africa
5fd04799f2d9500e435941b5.jpg,za,South Africa
5fd047c0f2d9500e435942c3.jpg,za,South Africa
5fd047c1f2d9500e435942c9.jpg,za,South Africa
5fd047c6f2d9500e435942f3.jpg,za,South Africa
5fd047c9f2d9500e4359430d.jpg,za,South Africa
5fd047cbf2d9500e43594320.jpg,za,South Africa
5fd047ccf2d9500e4359432a.jpg,za,South Africa
5fd04856f2d9500e435945db.jpg,za,South Africa
5fd04861f2d9500e43594601.jpg,za,South Africa
5fd04886f2d9500e435946c4.jpg,za,South Africa
5d4be6f6cf0b3a0f3f344a32.jpg,kr,South Korea
5d4be6f7cf0b3a0f3f344a3e.jpg,kr,South Korea
5d4be6fccf0b3a0f3f344ada.jpg,kr,South Korea
5d4be700cf0b3a0f3f344b62.jpg,kr,South Korea
5d4be700cf0b3a0f3f344b64.jpg,kr,South Korea
5d4be702cf0b3a0f3f344b92.jpg,kr,South Korea
5d4be706cf0b3a0f3f344c04.jpg,kr,South Korea
5d4be706cf0b3a0f3f344c0c.jpg,kr,South Korea
5d4be707cf0b3a0f3f344c22.jpg,kr,South Korea
5d4be711cf0b3a0f3f344d68.jpg,kr,South Korea
5d4be711cf0b3a0f3f344d6a.jpg,kr,South Korea
5d4be712cf0b3a0f3f344d6e.jpg,kr,South Korea
5d4be717cf0b3a0f3f344e10.jpg,kr,South Korea
5d4be717cf0b3a0f3f344e14.jpg,kr,South Korea
5d4be718cf0b3a0f3f344e24.jpg,kr,South Korea
5d4be71acf0b3a0f3f344e64.jpg,kr,South Korea
5d4be71acf0b3a0f3f344e6c.jpg,kr,South Korea
5fe247aa1355fc7a10a365c6.jpg,kr,South Korea
5ec4f8edf0611d7ddd741305.jpg,es,Spain
5ec4f8f0f0611d7ddd74131e.jpg,es,Spain
5ec4f8fcf0611d7ddd741381.jpg,es,Spain
5ec4f904f0611d7ddd7413bb.jpg,es,Spain
5ec4f90bf0611d7ddd7413fa.jpg,es,Spain
5ec4f911f0611d7ddd74142d.jpg,es,Spain
5ec4f918f0611d7ddd741468.jpg,es,Spain
5ec4f91ff0611d7ddd7414a7.jpg,es,Spain
5ec4f926f0611d7ddd7414e8.jpg,es,Spain
5ec4f929f0611d7ddd741501.jpg,es,Spain
5ec4f92cf0611d7ddd74151e.jpg,es,Spain
5ec4f932f0611d7ddd741553.jpg,es,Spain
5ec4f936f0611d7ddd741571.jpg,es,Spain
5fca55f5e2ebb44b49bd30a7.jpg,es,Spain
5fd048dff2d9500e4359496c.jpg,es,Spain
5fd0490bf2d9500e43594aee.jpg,es,Spain
5fd04928f2d9500e43594bb5.jpg,es,Spain
5fd04955f2d9500e43594d34.jpg,es,Spain
5fd0496df2d9500e43594dd1.jpg,es,Spain
5fd0499ff2d9500e43594f71.jpg,es,Spain
5fd049bdf2d9500e43595037.jpg,es,Spain
5fd229f6955d2f758665c58f.jpg,es,Spain
5fd22a0d955d2f758665c61e.jpg,es,Spain
5d4be186cf0b3a0f3f33b341.jpg,lk,Sri Lanka
5d4be18bcf0b3a0f3f33b36d.jpg,lk,Sri Lanka
5d4be18bcf0b3a0f3f33b373.jpg,lk,Sri Lanka
5d4be191cf0b3a0f3f33b41d.jpg,lk,Sri Lanka
5ec4f892f0611d7ddd740fef.jpg,se,Sweden
5ec4f893f0611d7ddd740ff7.jpg,se,Sweden
5ec4f894f0611d7ddd740ffc.jpg,se,Sweden
5ec4f897f0611d7ddd74101a.jpg,se,Sweden
5fd04a8bf2d9500e435953f0.jpg,se,Sweden
5fd04a8df2d9500e435953f6.jpg,se,Sweden
5fd04a8ef2d9500e435953fc.jpg,se,Sweden
5d4bdf99cf0b3a0f3f337e97.jpg,ch,Switzerland
5d4bdf9acf0b3a0f3f337e9d.jpg,ch,Switzerland
5d4bdf9fcf0b3a0f3f337f37.jpg,ch,Switzerland
5fd04ae9f2d9500e43595641.jpg,ch,Switzerland
5d4bdf64cf0b3a0f3f337927.jpg,tz,Tanzania
5d4bdf64cf0b3a0f3f337929.jpg,tz,Tanzania
5d4bdf69cf0b3a0f3f33799b.jpg,tz,Tanzania
5d4bdf6acf0b3a0f3f3379b7.jpg,tz,Tanzania
5d4bdf6acf0b3a0f3f3379b9.jpg,tz,Tanzania
5d4bdf6acf0b3a0f3f3379bb.jpg,tz,Tanzania
5d4bdf70cf0b3a0f3f337a59.jpg,tz,Tanzania
5d4bdf71cf0b3a0f3f337a5b.jpg,tz,Tanzania
5d4bdf71cf0b3a0f3f337a61.jpg,tz,Tanzania
5d4bdf77cf0b3a0f3f337b19.jpg,tz,Tanzania
5d4bdf77cf0b3a0f3f337b1b.jpg,tz,Tanzania
5d4bdf78cf0b3a0f3f337b37.jpg,tz,Tanzania
5d4be66ecf0b3a0f3f343a8f.jpg,tz,Tanzania
5d4be66ecf0b3a0f3f343a9f.jpg,tz,Tanzania
5d4be66fcf0b3a0f3f343aab.jpg,tz,Tanzania
5fd04b35f2d9500e43595832.jpg,tz,Tanzania
5fd04b36f2d9500e43595842.jpg,tz,Tanzania
5fd04b5bf2d9500e4359592b.jpg,tz,Tanzania
5fd04b6ef2d9500e43595985.jpg,tz,Tanzania
5fd04b6ff2d9500e4359598c.jpg,tz,Tanzania
5fd04b71f2d9500e43595996.jpg,tz,Tanzania
5d4bedc8cf0b3a0f3f350412.jpg,th,Thailand
5d4bedc9cf0b3a0f3f350432.jpg,th,Thailand
5d4bedcbcf0b3a0f3f350454.jpg,th,Thailand
5d4bedcecf0b3a0f3f3504ae.jpg,th,Thailand
5d4bedcfcf0b3a0f3f3504d4.jpg,th,Thailand
5d4bedd6cf0b3a0f3f3505a8.jpg,th,Thailand
5d4bedd7cf0b3a0f3f3505ca.jpg,th,Thailand
5d4beddacf0b3a0f3f350624.jpg,th,Thailand
5d4bdf21cf0b3a0f3f3372af.jpg,tg,Togo
5d4bdf23cf0b3a0f3f3372e5.jpg,tg,Togo
5d4bdf26cf0b3a0f3f337327.jpg,tg,Togo
5d4bdf27cf0b3a0f3f33734b.jpg,tg,Togo
5d4bdf2ccf0b3a0f3f3373d3.jpg,tg,Togo
5d4bdf2ecf0b3a0f3f337403.jpg,tg,Togo
5d4bdf2ecf0b3a0f3f337413.jpg,tg,Togo
5d4bdf34cf0b3a0f3f33749b.jpg,tg,Togo
5fd04b8ef2d9500e43595a36.jpg,tg,Togo
5fd04bccf2d9500e43595bc9.jpg,tg,Togo
5d4bed3ecf0b3a0f3f34f3fa.jpg,tn,Tunisia
5d4bed60cf0b3a0f3f34f804.jpg,tn,Tunisia
5d4bed7acf0b3a0f3f34fb04.jpg,tn,Tunisia
5d4bed7dcf0b3a0f3f34fb52.jpg,tn,Tunisia
5d4bed7dcf0b3a0f3f34fb5a.jpg,tn,Tunisia
5d4bed98cf0b3a0f3f34fe6e.jpg,tn,Tunisia
5d4bed98cf0b3a0f3f34fe74.jpg,tn,Tunisia
5d4bedb1cf0b3a0f3f350154.jpg,tn,Tunisia
5fd04bebf2d9500e43595cc3.jpg,tn,Tunisia
5fd04bfcf2d9500e43595d3c.jpg,tn,Tunisia
5fd04bfdf2d9500e43595d49.jpg,tn,Tunisia
5fd04c1df2d9500e43595e39.jpg,tn,Tunisia
5fd04c1ef2d9500e43595e46.jpg,tn,Tunisia
5fd04c40f2d9500e43595f00.jpg,tn,Tunisia
5fd04c42f2d9500e43595f0d.jpg,tn,Tunisia
5fd04c43f2d9500e43595f1b.jpg,tn,Tunisia
5fd04c4bf2d9500e43595f46.jpg,tn,Tunisia
5fd22a38955d2f758665c762.jpg,tn,Tunisia
5ec4fc22f0611d7ddd742df0.jpg,tr,Turkey
5ec4fc23f0611d7ddd742dfc.jpg,tr,Turkey
5fd04c7df2d9500e4359608f.jpg,tr,Turkey
5d4be8decf0b3a0f3f34790a.jpg,ua,Ukraine
5d4be8dfcf0b3a0f3f347912.jpg,ua,Ukraine
5d4be8e2cf0b3a0f3f347968.jpg,ua,Ukraine
5d4be902cf0b3a0f3f347d36.jpg,ua,Ukraine
5d4be905cf0b3a0f3f347d90.jpg,ua,Ukraine
5d4be905cf0b3a0f3f347d92.jpg,ua,Ukraine
5d4be92acf0b3a0f3f3481ca.jpg,ua,Ukraine
5d4be92ecf0b3a0f3f348246.jpg,ua,Ukraine
5d4be950cf0b3a0f3f34863e.jpg,ua,Ukraine
5d4be950cf0b3a0f3f348644.jpg,ua,Ukraine
5d4be954cf0b3a0f3f3486b2.jpg,ua,Ukraine
5d4be955cf0b3a0f3f3486dc.jpg,ua,Ukraine
5fd04c97f2d9500e43596112.jpg,ua,Ukraine
5fd04c98f2d9500e4359611d.jpg,ua,Ukraine
5fd04cbdf2d9500e43596238.jpg,ua,Ukraine
5fd04cc6f2d9500e43596277.jpg,ua,Ukraine
5fd04cc7f2d9500e43596283.jpg,ua,Ukraine
5fd04cc8f2d9500e43596294.jpg,ua,Ukraine
5fd22a41955d2f758665c790.jpg,ua,Ukraine
5fd22a42955d2f758665c7a0.jpg,ua,Ukraine
5d4be403cf0b3a0f3f33f580.jpg,gb,United Kingdom
5d4be405cf0b3a0f3f33f5b0.jpg,gb,United Kingdom
5d4be406cf0b3a0f3f33f5d4.jpg,gb,United Kingdom
5d4be40dcf0b3a0f3f33f694.jpg,gb,United Kingdom
5d4be40dcf0b3a0f3f33f69c.jpg,gb,United Kingdom
5d4be410cf0b3a0f3f33f6e6.jpg,gb,United Kingdom
5d4be413cf0b3a0f3f33f756.jpg,gb,United Kingdom
5d4be418cf0b3a0f3f33f7da.jpg,gb,United Kingdom
5d4bde30cf0b3a0f3f335b7b.jpg,us,United States
5d4bde33cf0b3a0f3f335bad.jpg,us,United States
5d4bde4ecf0b3a0f3f335e3d.jpg,us,United States
5d4bde4ecf0b3a0f3f335e3f.jpg,us,United States
5d4bde50cf0b3a0f3f335e63.jpg,us,United States
5d4bde53cf0b3a0f3f335eb1.jpg,us,United States
5d4bde53cf0b3a0f3f335eb3.jpg,us,United States
5d4bde53cf0b3a0f3f335eb9.jpg,us,United States
5d4bdeb3cf0b3a0f3f33675f.jpg,us,United States
5d4bdeb8cf0b3a0f3f33678d.jpg,us,United States
5d4bdeb8cf0b3a0f3f336791.jpg,us,United States
5d4be1f0cf0b3a0f3f33bdc7.jpg,us,United States
5d4be1f1cf0b3a0f3f33bded.jpg,us,United States
5d4be3c7cf0b3a0f3f33ee89.jpg,us,United States
5d4be3cecf0b3a0f3f33ef63.jpg,us,United States
5d4be3cecf0b3a0f3f33ef69.jpg,us,United States
5d4be3dacf0b3a0f3f33f0d3.jpg,us,United States
5d4be3dfcf0b3a0f3f33f15f.jpg,us,United States
5d4be3e3cf0b3a0f3f33f1df.jpg,us,United States
5d4be3e4cf0b3a0f3f33f1f7.jpg,us,United States
5d4be3e5cf0b3a0f3f33f207.jpg,us,United States
5d4be41dcf0b3a0f3f33f888.jpg,us,United States
5d4be41ecf0b3a0f3f33f89e.jpg,us,United States
5d4be41fcf0b3a0f3f33f8bc.jpg,us,United States
5d4be423cf0b3a0f3f33f93a.jpg,us,United States
5d4be424cf0b3a0f3f33f940.jpg,us,United States
5d4be426cf0b3a0f3f33f994.jpg,us,United States
5d4be4e6cf0b3a0f3f340ef6.jpg,us,United States
5d4be4e6cf0b3a0f3f340efc.jpg,us,United States
5d4be4e8cf0b3a0f3f340f2a.jpg,us,United States
5d4be4e8cf0b3a0f3f340f3a.jpg,us,United States
5d4be535cf0b3a0f3f34181c.jpg,us,United States
5d4be535cf0b3a0f3f34181e.jpg,us,United States
5d4be536cf0b3a0f3f341830.jpg,us,United States
5d4be536cf0b3a0f3f341832.jpg,us,United States
5d4be540cf0b3a0f3f34195e.jpg,us,United States
5d4be540cf0b3a0f3f341964.jpg,us,United States
5d4be540cf0b3a0f3f341966.jpg,us,United States
5d4be540cf0b3a0f3f341968.jpg,us,United States
5d4bebb3cf0b3a0f3f34cb4f.jpg,us,United States
5d4bebb5cf0b3a0f3f34cb9d.jpg,us,United States
5d4bebb6cf0b3a0f3f34cbaf.jpg,us,United States
5d4bebd1cf0b3a0f3f34cedd.jpg,us,United States
5d4bebd1cf0b3a0f3f34cee3.jpg,us,United States
5d4bebd1cf0b3a0f3f34ceed.jpg,us,United States
5d4bebd1cf0b3a0f3f34cef7.jpg,us,United States
5d4bebd7cf0b3a0f3f34cf99.jpg,us,United States
5d4bebd7cf0b3a0f3f34cf9f.jpg,us,United States
5d4bed21cf0b3a0f3f34f0f6.jpg,us,United States
5d4bed23cf0b3a0f3f34f128.jpg,us,United States
5d4bed30cf0b3a0f3f34f25a.jpg,us,United States
5d4bed33cf0b3a0f3f34f2ac.jpg,us,United States
5d4bed35cf0b3a0f3f34f2f6.jpg,us,United States
5ec4f82df0611d7ddd740c8e.jpg,us,United States
5ec4f838f0611d7ddd740ce8.jpg,us,United States
5ec4f847f0611d7ddd740d69.jpg,us,United States
5ec4f853f0611d7ddd740dca.jpg,us,United States
5ec4f857f0611d7ddd740de8.jpg,us,United States
5f1623fab292ad2146a0eb05.jpg,us,United States
5f19e88153ddc612f384fbd4.jpg,us,United States
5f19f639b04fd37edb3deeb0.jpg,us,United States
5fc93f599216a12093a35828.jpg,us,United States
5fc93fb29216a10ceba3585e.jpg,us,United States
5d4becf1cf0b3a0f3f34ebc2.jpg,vn,Vietnam
5d4becf9cf0b3a0f3f34ecba.jpg,vn,Vietnam
5d4becfbcf0b3a0f3f34ece0.jpg,vn,Vietnam
5d4bed06cf0b3a0f3f34edd8.jpg,vn,Vietnam
5d4bed06cf0b3a0f3f34edde.jpg,vn,Vietnam
5d4bed06cf0b3a0f3f34ede4.jpg,vn,Vietnam
5d4bed06cf0b3a0f3f34edee.jpg,vn,Vietnam
5d4bed08cf0b3a0f3f34ee12.jpg,vn,Vietnam
5d4bed0fcf0b3a0f3f34eee6.jpg,vn,Vietnam
5d4bed10cf0b3a0f3f34ef08.jpg,vn,Vietnam
5d4bed11cf0b3a0f3f34ef1a.jpg,vn,Vietnam
5d4bed11cf0b3a0f3f34ef22.jpg,vn,Vietnam
5d4bf4a1cf0b3a0f3f35bf48.jpg,vn,Vietnam
5d4bf4a1cf0b3a0f3f35bf4a.jpg,vn,Vietnam
5fd04d15f2d9500e43596480.jpg,vn,Vietnam
5fd04d16f2d9500e4359648c.jpg,vn,Vietnam
5fd04d18f2d9500e4359649b.jpg,vn,Vietnam
5fd04d30f2d9500e43596534.jpg,vn,Vietnam
5fd04d31f2d9500e43596540.jpg,vn,Vietnam
5fd04d33f2d9500e4359654f.jpg,vn,Vietnam
5fd04d55f2d9500e43596645.jpg,vn,Vietnam
5fd04d7af2d9500e43596759.jpg,vn,Vietnam
5fd04d7bf2d9500e43596767.jpg,vn,Vietnam
60b40568b14235e616d00643.jpg,vn,Vietnam
5d4bec84cf0b3a0f3f34e0e8.jpg,zw,Zimbabwe
5d4bec87cf0b3a0f3f34e14c.jpg,zw,Zimbabwe
5d4beca3cf0b3a0f3f34e41c.jpg,zw,Zimbabwe
5d4beca3cf0b3a0f3f34e41e.jpg,zw,Zimbabwe
5d4beca4cf0b3a0f3f34e446.jpg,zw,Zimbabwe
5d4becbecf0b3a0f3f34e6d8.jpg,zw,Zimbabwe
5d4becbecf0b3a0f3f34e6dc.jpg,zw,Zimbabwe
5d4becbfcf0b3a0f3f34e6e2.jpg,zw,Zimbabwe
5d4becc6cf0b3a0f3f34e724.jpg,zw,Zimbabwe
5d4becc8cf0b3a0f3f34e73a.jpg,zw,Zimbabwe
5d4becdecf0b3a0f3f34e996.jpg,zw,Zimbabwe
5d4becdfcf0b3a0f3f34e9a8.jpg,zw,Zimbabwe
5d4bece0cf0b3a0f3f34e9d4.jpg,zw,Zimbabwe
5d4bece1cf0b3a0f3f34e9e0.jpg,zw,Zimbabwe
5d4bece1cf0b3a0f3f34e9e4.jpg,zw,Zimbabwe
5fd04d9ff2d9500e43596888.jpg,zw,Zimbabwe
5fd04da1f2d9500e4359689a.jpg,zw,Zimbabwe
5fd04dd6f2d9500e43596a16.jpg,zw,Zimbabwe
5fd04dd7f2d9500e43596a20.jpg,zw,Zimbabwe
5fd04dd9f2d9500e43596a31.jpg,zw,Zimbabwe
5fd04de5f2d9500e43596a89.jpg,zw,Zimbabwe
5fd04de7f2d9500e43596a94.jpg,zw,Zimbabwe
5fd04e03f2d9500e43596b55.jpg,zw,Zimbabwe
5fe088fb274e2602c9cf9199.jpg,zw,Zimbabwe
60b4155b3a58fd2aaea7e908.jpg,zw,Zimbabwe
